county,precinct,office,district,party,votes,candidate
Tuscaloosa,0002 WINDHAM SPRINGS BAP,Attorney General,,REP,12,Unverified Candidate 1
Tuscaloosa,0002 WINDHAM SPRINGS BAP,Attorney General,,REP,25,Unverified Candidate 2
Tuscaloosa,0002 WINDHAM SPRINGS BAP,Attorney General,,REP,36,Unverified Candidate 3
Tuscaloosa,0002 WINDHAM SPRINGS BAP,Attorney General,,REP,55,Unverified Candidate 4
Tuscaloosa,0002 WINDHAM SPRINGS BAP,Attorney General,,REP,9,Unverified Candidate 5
Tuscaloosa,0002 WINDHAM SPRINGS BAP,Attorney General,,REP,6,Unverified Candidate 6
Tuscaloosa,0002 WINDHAM SPRINGS BAP,Attorney General,,REP,56,Unverified Candidate 7
Tuscaloosa,0002 WINDHAM SPRINGS BAP,Attorney General,,REP,16,Unverified Candidate 8
Tuscaloosa,0002 WINDHAM SPRINGS BAP,Tuscaloosa County Sheriff,,REP,2,Unverified Candidate 1
Tuscaloosa,0002 WINDHAM SPRINGS BAP,Tuscaloosa County Sheriff,,REP,1,Unverified Candidate 2
Tuscaloosa,0002 WINDHAM SPRINGS BAP,Tuscaloosa County Sheriff,,REP,21,Unverified Candidate 3
Tuscaloosa,0002 WINDHAM SPRINGS BAP,Tuscaloosa County Sheriff,,REP,27,Unverified Candidate 4
Tuscaloosa,0002 WINDHAM SPRINGS BAP,Tuscaloosa County Sheriff,,REP,21,Unverified Candidate 5
Tuscaloosa,0002 WINDHAM SPRINGS BAP,Tuscaloosa County Sheriff,,REP,0,Unverified Candidate 6
Tuscaloosa,0002 WINDHAM SPRINGS BAP,Tuscaloosa County Sheriff,,REP,2,Unverified Candidate 7
Tuscaloosa,0002 WINDHAM SPRINGS BAP,U.S. House,4.0,REP,68,Unverified Candidate 1
Tuscaloosa,0002 WINDHAM SPRINGS BAP,U.S. House,4.0,REP,7,Unverified Candidate 2
Tuscaloosa,0003 SHERIFF FIRING RANG,Attorney General,,REP,7,Unverified Candidate 1
Tuscaloosa,0003 SHERIFF FIRING RANG,Attorney General,,REP,26,Unverified Candidate 2
Tuscaloosa,0003 SHERIFF FIRING RANG,Attorney General,,REP,40,Unverified Candidate 3
Tuscaloosa,0003 SHERIFF FIRING RANG,Attorney General,,REP,46,Unverified Candidate 4
Tuscaloosa,0003 SHERIFF FIRING RANG,Attorney General,,REP,15,Unverified Candidate 5
Tuscaloosa,0003 SHERIFF FIRING RANG,Attorney General,,REP,9,Unverified Candidate 6
Tuscaloosa,0003 SHERIFF FIRING RANG,Attorney General,,REP,52,Unverified Candidate 7
Tuscaloosa,0003 SHERIFF FIRING RANG,Attorney General,,REP,20,Unverified Candidate 8
Tuscaloosa,0003 SHERIFF FIRING RANG,Tuscaloosa County Sheriff,,REP,0,Unverified Candidate 1
Tuscaloosa,0003 SHERIFF FIRING RANG,Tuscaloosa County Sheriff,,REP,0,Unverified Candidate 2
Tuscaloosa,0003 SHERIFF FIRING RANG,Tuscaloosa County Sheriff,,REP,28,Unverified Candidate 3
Tuscaloosa,0003 SHERIFF FIRING RANG,Tuscaloosa County Sheriff,,REP,22,Unverified Candidate 4
Tuscaloosa,0003 SHERIFF FIRING RANG,Tuscaloosa County Sheriff,,REP,26,Unverified Candidate 5
Tuscaloosa,0003 SHERIFF FIRING RANG,Tuscaloosa County Sheriff,,REP,0,Unverified Candidate 6
Tuscaloosa,0003 SHERIFF FIRING RANG,Tuscaloosa County Sheriff,,REP,2,Unverified Candidate 7
Tuscaloosa,0003 SHERIFF FIRING RANG,U.S. House,4.0,REP,53,Unverified Candidate 1
Tuscaloosa,0003 SHERIFF FIRING RANG,U.S. House,4.0,REP,22,Unverified Candidate 2
Tuscaloosa,0004 MAYFIELD FIRE DEPT,Attorney General,,REP,7,Unverified Candidate 1
Tuscaloosa,0004 MAYFIELD FIRE DEPT,Attorney General,,REP,7,Unverified Candidate 2
Tuscaloosa,0004 MAYFIELD FIRE DEPT,Attorney General,,REP,20,Unverified Candidate 3
Tuscaloosa,0004 MAYFIELD FIRE DEPT,Attorney General,,REP,27,Unverified Candidate 4
Tuscaloosa,0004 MAYFIELD FIRE DEPT,Attorney General,,REP,5,Unverified Candidate 5
Tuscaloosa,0004 MAYFIELD FIRE DEPT,Attorney General,,REP,1,Unverified Candidate 6
Tuscaloosa,0004 MAYFIELD FIRE DEPT,Attorney General,,REP,25,Unverified Candidate 7
Tuscaloosa,0004 MAYFIELD FIRE DEPT,Attorney General,,REP,9,Unverified Candidate 8
Tuscaloosa,0004 MAYFIELD FIRE DEPT,Tuscaloosa County Sheriff,,REP,0,Unverified Candidate 1
Tuscaloosa,0004 MAYFIELD FIRE DEPT,Tuscaloosa County Sheriff,,REP,1,Unverified Candidate 2
Tuscaloosa,0004 MAYFIELD FIRE DEPT,Tuscaloosa County Sheriff,,REP,8,Unverified Candidate 3
Tuscaloosa,0004 MAYFIELD FIRE DEPT,Tuscaloosa County Sheriff,,REP,17,Unverified Candidate 4
Tuscaloosa,0004 MAYFIELD FIRE DEPT,Tuscaloosa County Sheriff,,REP,10,Unverified Candidate 5
Tuscaloosa,0004 MAYFIELD FIRE DEPT,Tuscaloosa County Sheriff,,REP,0,Unverified Candidate 6
Tuscaloosa,0004 MAYFIELD FIRE DEPT,Tuscaloosa County Sheriff,,REP,0,Unverified Candidate 7
Tuscaloosa,0004 MAYFIELD FIRE DEPT,U.S. House,4.0,REP,29,Unverified Candidate 1
Tuscaloosa,0004 MAYFIELD FIRE DEPT,U.S. House,4.0,REP,6,Unverified Candidate 2
Tuscaloosa,0005 MONTGOMERY FIRE DEP,Attorney General,,REP,45,Unverified Candidate 1
Tuscaloosa,0005 MONTGOMERY FIRE DEP,Attorney General,,REP,50,Unverified Candidate 2
Tuscaloosa,0005 MONTGOMERY FIRE DEP,Attorney General,,REP,91,Unverified Candidate 3
Tuscaloosa,0005 MONTGOMERY FIRE DEP,Attorney General,,REP,126,Unverified Candidate 4
Tuscaloosa,0005 MONTGOMERY FIRE DEP,Attorney General,,REP,35,Unverified Candidate 5
Tuscaloosa,0005 MONTGOMERY FIRE DEP,Attorney General,,REP,15,Unverified Candidate 6
Tuscaloosa,0005 MONTGOMERY FIRE DEP,Attorney General,,REP,121,Unverified Candidate 7
Tuscaloosa,0005 MONTGOMERY FIRE DEP,Attorney General,,REP,60,Unverified Candidate 8
Tuscaloosa,0005 MONTGOMERY FIRE DEP,Tuscaloosa County Sheriff,,REP,3,Unverified Candidate 1
Tuscaloosa,0005 MONTGOMERY FIRE DEP,Tuscaloosa County Sheriff,,REP,2,Unverified Candidate 2
Tuscaloosa,0005 MONTGOMERY FIRE DEP,Tuscaloosa County Sheriff,,REP,90,Unverified Candidate 3
Tuscaloosa,0005 MONTGOMERY FIRE DEP,Tuscaloosa County Sheriff,,REP,36,Unverified Candidate 4
Tuscaloosa,0005 MONTGOMERY FIRE DEP,Tuscaloosa County Sheriff,,REP,60,Unverified Candidate 5
Tuscaloosa,0005 MONTGOMERY FIRE DEP,Tuscaloosa County Sheriff,,REP,0,Unverified Candidate 6
Tuscaloosa,0005 MONTGOMERY FIRE DEP,Tuscaloosa County Sheriff,,REP,1,Unverified Candidate 7
Tuscaloosa,0005 MONTGOMERY FIRE DEP,U.S. House,4.0,REP,136,Unverified Candidate 1
Tuscaloosa,0005 MONTGOMERY FIRE DEP,U.S. House,4.0,REP,53,Unverified Candidate 2
Tuscaloosa,0006 NORTHSIDE LIONS CLU,Attorney General,,REP,36,Unverified Candidate 1
Tuscaloosa,0006 NORTHSIDE LIONS CLU,Attorney General,,REP,58,Unverified Candidate 2
Tuscaloosa,0006 NORTHSIDE LIONS CLU,Attorney General,,REP,87,Unverified Candidate 3
Tuscaloosa,0006 NORTHSIDE LIONS CLU,Attorney General,,REP,122,Unverified Candidate 4
Tuscaloosa,0006 NORTHSIDE LIONS CLU,Attorney General,,REP,30,Unverified Candidate 5
Tuscaloosa,0006 NORTHSIDE LIONS CLU,Attorney General,,REP,21,Unverified Candidate 6
Tuscaloosa,0006 NORTHSIDE LIONS CLU,Attorney General,,REP,125,Unverified Candidate 7
Tuscaloosa,0006 NORTHSIDE LIONS CLU,Attorney General,,REP,53,Unverified Candidate 8
Tuscaloosa,0006 NORTHSIDE LIONS CLU,Tuscaloosa County Sheriff,,REP,2,Unverified Candidate 1
Tuscaloosa,0006 NORTHSIDE LIONS CLU,Tuscaloosa County Sheriff,,REP,7,Unverified Candidate 2
Tuscaloosa,0006 NORTHSIDE LIONS CLU,Tuscaloosa County Sheriff,,REP,76,Unverified Candidate 3
Tuscaloosa,0006 NORTHSIDE LIONS CLU,Tuscaloosa County Sheriff,,REP,34,Unverified Candidate 4
Tuscaloosa,0006 NORTHSIDE LIONS CLU,Tuscaloosa County Sheriff,,REP,60,Unverified Candidate 5
Tuscaloosa,0006 NORTHSIDE LIONS CLU,Tuscaloosa County Sheriff,,REP,1,Unverified Candidate 6
Tuscaloosa,0006 NORTHSIDE LIONS CLU,Tuscaloosa County Sheriff,,REP,8,Unverified Candidate 7
Tuscaloosa,0006 NORTHSIDE LIONS CLU,U.S. House,4.0,REP,144,Unverified Candidate 1
Tuscaloosa,0006 NORTHSIDE LIONS CLU,U.S. House,4.0,REP,39,Unverified Candidate 2
Tuscaloosa,0007 COUNTY RD CAMP #3,Attorney General,,REP,28,Unverified Candidate 1
Tuscaloosa,0007 COUNTY RD CAMP #3,Attorney General,,REP,53,Unverified Candidate 2
Tuscaloosa,0007 COUNTY RD CAMP #3,Attorney General,,REP,66,Unverified Candidate 3
Tuscaloosa,0007 COUNTY RD CAMP #3,Attorney General,,REP,93,Unverified Candidate 4
Tuscaloosa,0007 COUNTY RD CAMP #3,Attorney General,,REP,32,Unverified Candidate 5
Tuscaloosa,0007 COUNTY RD CAMP #3,Attorney General,,REP,15,Unverified Candidate 6
Tuscaloosa,0007 COUNTY RD CAMP #3,Attorney General,,REP,98,Unverified Candidate 7
Tuscaloosa,0007 COUNTY RD CAMP #3,Attorney General,,REP,48,Unverified Candidate 8
Tuscaloosa,0007 COUNTY RD CAMP #3,Tuscaloosa County Sheriff,,REP,3,Unverified Candidate 1
Tuscaloosa,0007 COUNTY RD CAMP #3,Tuscaloosa County Sheriff,,REP,4,Unverified Candidate 2
Tuscaloosa,0007 COUNTY RD CAMP #3,Tuscaloosa County Sheriff,,REP,58,Unverified Candidate 3
Tuscaloosa,0007 COUNTY RD CAMP #3,Tuscaloosa County Sheriff,,REP,34,Unverified Candidate 4
Tuscaloosa,0007 COUNTY RD CAMP #3,Tuscaloosa County Sheriff,,REP,51,Unverified Candidate 5
Tuscaloosa,0007 COUNTY RD CAMP #3,Tuscaloosa County Sheriff,,REP,1,Unverified Candidate 6
Tuscaloosa,0007 COUNTY RD CAMP #3,Tuscaloosa County Sheriff,,REP,3,Unverified Candidate 7
Tuscaloosa,0007 COUNTY RD CAMP #3,U.S. House,4.0,REP,116,Unverified Candidate 1
Tuscaloosa,0007 COUNTY RD CAMP #3,U.S. House,4.0,REP,31,Unverified Candidate 2
Tuscaloosa,0008 STATION #2 CARROLLS,Attorney General,,REP,49,Unverified Candidate 1
Tuscaloosa,0008 STATION #2 CARROLLS,Attorney General,,REP,76,Unverified Candidate 2
Tuscaloosa,0008 STATION #2 CARROLLS,Attorney General,,REP,137,Unverified Candidate 3
Tuscaloosa,0008 STATION #2 CARROLLS,Attorney General,,REP,186,Unverified Candidate 4
Tuscaloosa,0008 STATION #2 CARROLLS,Attorney General,,REP,47,Unverified Candidate 5
Tuscaloosa,0008 STATION #2 CARROLLS,Attorney General,,REP,13,Unverified Candidate 6
Tuscaloosa,0008 STATION #2 CARROLLS,Attorney General,,REP,187,Unverified Candidate 7
Tuscaloosa,0008 STATION #2 CARROLLS,Attorney General,,REP,60,Unverified Candidate 8
Tuscaloosa,0008 STATION #2 CARROLLS,Tuscaloosa County Sheriff,,REP,5,Unverified Candidate 1
Tuscaloosa,0008 STATION #2 CARROLLS,Tuscaloosa County Sheriff,,REP,1,Unverified Candidate 2
Tuscaloosa,0008 STATION #2 CARROLLS,Tuscaloosa County Sheriff,,REP,105,Unverified Candidate 3
Tuscaloosa,0008 STATION #2 CARROLLS,Tuscaloosa County Sheriff,,REP,68,Unverified Candidate 4
Tuscaloosa,0008 STATION #2 CARROLLS,Tuscaloosa County Sheriff,,REP,88,Unverified Candidate 5
Tuscaloosa,0008 STATION #2 CARROLLS,Tuscaloosa County Sheriff,,REP,1,Unverified Candidate 6
Tuscaloosa,0008 STATION #2 CARROLLS,Tuscaloosa County Sheriff,,REP,2,Unverified Candidate 7
Tuscaloosa,0008 STATION #2 CARROLLS,U.S. House,4.0,REP,212,Unverified Candidate 1
Tuscaloosa,0008 STATION #2 CARROLLS,U.S. House,4.0,REP,40,Unverified Candidate 2
Tuscaloosa,0009 YELLOW CRK BAPT CH,Attorney General,,REP,22,Unverified Candidate 1
Tuscaloosa,0009 YELLOW CRK BAPT CH,Attorney General,,REP,37,Unverified Candidate 2
Tuscaloosa,0009 YELLOW CRK BAPT CH,Attorney General,,REP,82,Unverified Candidate 3
Tuscaloosa,0009 YELLOW CRK BAPT CH,Attorney General,,REP,94,Unverified Candidate 4
Tuscaloosa,0009 YELLOW CRK BAPT CH,Attorney General,,REP,36,Unverified Candidate 5
Tuscaloosa,0009 YELLOW CRK BAPT CH,Attorney General,,REP,6,Unverified Candidate 6
Tuscaloosa,0009 YELLOW CRK BAPT CH,Attorney General,,REP,106,Unverified Candidate 7
Tuscaloosa,0009 YELLOW CRK BAPT CH,Attorney General,,REP,39,Unverified Candidate 8
Tuscaloosa,0009 YELLOW CRK BAPT CH,Tuscaloosa County Sheriff,,REP,1,Unverified Candidate 1
Tuscaloosa,0009 YELLOW CRK BAPT CH,Tuscaloosa County Sheriff,,REP,1,Unverified Candidate 2
Tuscaloosa,0009 YELLOW CRK BAPT CH,Tuscaloosa County Sheriff,,REP,52,Unverified Candidate 3
Tuscaloosa,0009 YELLOW CRK BAPT CH,Tuscaloosa County Sheriff,,REP,32,Unverified Candidate 4
Tuscaloosa,0009 YELLOW CRK BAPT CH,Tuscaloosa County Sheriff,,REP,61,Unverified Candidate 5
Tuscaloosa,0009 YELLOW CRK BAPT CH,Tuscaloosa County Sheriff,,REP,1,Unverified Candidate 6
Tuscaloosa,0009 YELLOW CRK BAPT CH,Tuscaloosa County Sheriff,,REP,2,Unverified Candidate 7
Tuscaloosa,0009 YELLOW CRK BAPT CH,U.S. House,4.0,REP,119,Unverified Candidate 1
Tuscaloosa,0009 YELLOW CRK BAPT CH,U.S. House,4.0,REP,22,Unverified Candidate 2
Tuscaloosa,0010 KELLERMAN ANTIOCH B,Attorney General,,REP,8,Unverified Candidate 1
Tuscaloosa,0010 KELLERMAN ANTIOCH B,Attorney General,,REP,16,Unverified Candidate 2
Tuscaloosa,0010 KELLERMAN ANTIOCH B,Attorney General,,REP,18,Unverified Candidate 3
Tuscaloosa,0010 KELLERMAN ANTIOCH B,Attorney General,,REP,26,Unverified Candidate 4
Tuscaloosa,0010 KELLERMAN ANTIOCH B,Attorney General,,REP,12,Unverified Candidate 5
Tuscaloosa,0010 KELLERMAN ANTIOCH B,Attorney General,,REP,2,Unverified Candidate 6
Tuscaloosa,0010 KELLERMAN ANTIOCH B,Attorney General,,REP,27,Unverified Candidate 7
Tuscaloosa,0010 KELLERMAN ANTIOCH B,Attorney General,,REP,12,Unverified Candidate 8
Tuscaloosa,0010 KELLERMAN ANTIOCH B,Tuscaloosa County Sheriff,,REP,1,Unverified Candidate 1
Tuscaloosa,0010 KELLERMAN ANTIOCH B,Tuscaloosa County Sheriff,,REP,0,Unverified Candidate 2
Tuscaloosa,0010 KELLERMAN ANTIOCH B,Tuscaloosa County Sheriff,,REP,18,Unverified Candidate 3
Tuscaloosa,0010 KELLERMAN ANTIOCH B,Tuscaloosa County Sheriff,,REP,10,Unverified Candidate 4
Tuscaloosa,0010 KELLERMAN ANTIOCH B,Tuscaloosa County Sheriff,,REP,15,Unverified Candidate 5
Tuscaloosa,0010 KELLERMAN ANTIOCH B,Tuscaloosa County Sheriff,,REP,0,Unverified Candidate 6
Tuscaloosa,0010 KELLERMAN ANTIOCH B,Tuscaloosa County Sheriff,,REP,0,Unverified Candidate 7
Tuscaloosa,0011 TANNEHILL VALLEY BA,Attorney General,,REP,91,Unverified Candidate 1
Tuscaloosa,0011 TANNEHILL VALLEY BA,Attorney General,,REP,157,Unverified Candidate 2
Tuscaloosa,0011 TANNEHILL VALLEY BA,Attorney General,,REP,178,Unverified Candidate 3
Tuscaloosa,0011 TANNEHILL VALLEY BA,Attorney General,,REP,288,Unverified Candidate 4
Tuscaloosa,0011 TANNEHILL VALLEY BA,Attorney General,,REP,93,Unverified Candidate 5
Tuscaloosa,0011 TANNEHILL VALLEY BA,Attorney General,,REP,28,Unverified Candidate 6
Tuscaloosa,0011 TANNEHILL VALLEY BA,Attorney General,,REP,296,Unverified Candidate 7
Tuscaloosa,0011 TANNEHILL VALLEY BA,Attorney General,,REP,117,Unverified Candidate 8
Tuscaloosa,0011 TANNEHILL VALLEY BA,Tuscaloosa County Sheriff,,REP,5,Unverified Candidate 1
Tuscaloosa,0011 TANNEHILL VALLEY BA,Tuscaloosa County Sheriff,,REP,10,Unverified Candidate 2
Tuscaloosa,0011 TANNEHILL VALLEY BA,Tuscaloosa County Sheriff,,REP,143,Unverified Candidate 3
Tuscaloosa,0011 TANNEHILL VALLEY BA,Tuscaloosa County Sheriff,,REP,120,Unverified Candidate 4
Tuscaloosa,0011 TANNEHILL VALLEY BA,Tuscaloosa County Sheriff,,REP,148,Unverified Candidate 5
Tuscaloosa,0011 TANNEHILL VALLEY BA,Tuscaloosa County Sheriff,,REP,1,Unverified Candidate 6
Tuscaloosa,0011 TANNEHILL VALLEY BA,Tuscaloosa County Sheriff,,REP,6,Unverified Candidate 7
Tuscaloosa,0012 JERRY TINGLE ACT CT,Attorney General,,REP,145,Unverified Candidate 1
Tuscaloosa,0012 JERRY TINGLE ACT CT,Attorney General,,REP,214,Unverified Candidate 2
Tuscaloosa,0012 JERRY TINGLE ACT CT,Attorney General,,REP,221,Unverified Candidate 3
Tuscaloosa,0012 JERRY TINGLE ACT CT,Attorney General,,REP,349,Unverified Candidate 4
Tuscaloosa,0012 JERRY TINGLE ACT CT,Attorney General,,REP,151,Unverified Candidate 5
Tuscaloosa,0012 JERRY TINGLE ACT CT,Attorney General,,REP,60,Unverified Candidate 6
Tuscaloosa,0012 JERRY TINGLE ACT CT,Attorney General,,REP,364,Unverified Candidate 7
Tuscaloosa,0012 JERRY TINGLE ACT CT,Attorney General,,REP,212,Unverified Candidate 8
Tuscaloosa,0012 JERRY TINGLE ACT CT,Tuscaloosa County Sheriff,,REP,13,Unverified Candidate 1
Tuscaloosa,0012 JERRY TINGLE ACT CT,Tuscaloosa County Sheriff,,REP,8,Unverified Candidate 2
Tuscaloosa,0012 JERRY TINGLE ACT CT,Tuscaloosa County Sheriff,,REP,230,Unverified Candidate 3
Tuscaloosa,0012 JERRY TINGLE ACT CT,Tuscaloosa County Sheriff,,REP,137,Unverified Candidate 4
Tuscaloosa,0012 JERRY TINGLE ACT CT,Tuscaloosa County Sheriff,,REP,199,Unverified Candidate 5
Tuscaloosa,0012 JERRY TINGLE ACT CT,Tuscaloosa County Sheriff,,REP,2,Unverified Candidate 6
Tuscaloosa,0012 JERRY TINGLE ACT CT,Tuscaloosa County Sheriff,,REP,10,Unverified Candidate 7
Tuscaloosa,0013 ABERNANT BAPT CH,Attorney General,,REP,36,Unverified Candidate 1
Tuscaloosa,0013 ABERNANT BAPT CH,Attorney General,,REP,55,Unverified Candidate 2
Tuscaloosa,0013 ABERNANT BAPT CH,Attorney General,,REP,78,Unverified Candidate 3
Tuscaloosa,0013 ABERNANT BAPT CH,Attorney General,,REP,100,Unverified Candidate 4
Tuscaloosa,0013 ABERNANT BAPT CH,Attorney General,,REP,43,Unverified Candidate 5
Tuscaloosa,0013 ABERNANT BAPT CH,Attorney General,,REP,16,Unverified Candidate 6
Tuscaloosa,0013 ABERNANT BAPT CH,Attorney General,,REP,112,Unverified Candidate 7
Tuscaloosa,0013 ABERNANT BAPT CH,Attorney General,,REP,48,Unverified Candidate 8
Tuscaloosa,0013 ABERNANT BAPT CH,Tuscaloosa County Sheriff,,REP,5,Unverified Candidate 1
Tuscaloosa,0013 ABERNANT BAPT CH,Tuscaloosa County Sheriff,,REP,4,Unverified Candidate 2
Tuscaloosa,0013 ABERNANT BAPT CH,Tuscaloosa County Sheriff,,REP,56,Unverified Candidate 3
Tuscaloosa,0013 ABERNANT BAPT CH,Tuscaloosa County Sheriff,,REP,37,Unverified Candidate 4
Tuscaloosa,0013 ABERNANT BAPT CH,Tuscaloosa County Sheriff,,REP,61,Unverified Candidate 5
Tuscaloosa,0013 ABERNANT BAPT CH,Tuscaloosa County Sheriff,,REP,2,Unverified Candidate 6
Tuscaloosa,0013 ABERNANT BAPT CH,Tuscaloosa County Sheriff,,REP,3,Unverified Candidate 7
Tuscaloosa,0014 G.G. HARDIN COMM CT,Attorney General,,REP,39,Unverified Candidate 1
Tuscaloosa,0014 G.G. HARDIN COMM CT,Attorney General,,REP,109,Unverified Candidate 2
Tuscaloosa,0014 G.G. HARDIN COMM CT,Attorney General,,REP,108,Unverified Candidate 3
Tuscaloosa,0014 G.G. HARDIN COMM CT,Attorney General,,REP,163,Unverified Candidate 4
Tuscaloosa,0014 G.G. HARDIN COMM CT,Attorney General,,REP,76,Unverified Candidate 5
Tuscaloosa,0014 G.G. HARDIN COMM CT,Attorney General,,REP,13,Unverified Candidate 6
Tuscaloosa,0014 G.G. HARDIN COMM CT,Attorney General,,REP,183,Unverified Candidate 7
Tuscaloosa,0014 G.G. HARDIN COMM CT,Attorney General,,REP,72,Unverified Candidate 8
Tuscaloosa,0014 G.G. HARDIN COMM CT,Tuscaloosa County Sheriff,,REP,7,Unverified Candidate 1
Tuscaloosa,0014 G.G. HARDIN COMM CT,Tuscaloosa County Sheriff,,REP,2,Unverified Candidate 2
Tuscaloosa,0014 G.G. HARDIN COMM CT,Tuscaloosa County Sheriff,,REP,111,Unverified Candidate 3
Tuscaloosa,0014 G.G. HARDIN COMM CT,Tuscaloosa County Sheriff,,REP,55,Unverified Candidate 4
Tuscaloosa,0014 G.G. HARDIN COMM CT,Tuscaloosa County Sheriff,,REP,79,Unverified Candidate 5
Tuscaloosa,0014 G.G. HARDIN COMM CT,Tuscaloosa County Sheriff,,REP,2,Unverified Candidate 6
Tuscaloosa,0014 G.G. HARDIN COMM CT,Tuscaloosa County Sheriff,,REP,3,Unverified Candidate 7
Tuscaloosa,0015 MARY PHELPS CTR,Attorney General,,REP,108,Unverified Candidate 1
Tuscaloosa,0015 MARY PHELPS CTR,Attorney General,,REP,264,Unverified Candidate 2
Tuscaloosa,0015 MARY PHELPS CTR,Attorney General,,REP,439,Unverified Candidate 3
Tuscaloosa,0015 MARY PHELPS CTR,Attorney General,,REP,577,Unverified Candidate 4
Tuscaloosa,0015 MARY PHELPS CTR,Attorney General,,REP,119,Unverified Candidate 5
Tuscaloosa,0015 MARY PHELPS CTR,Attorney General,,REP,57,Unverified Candidate 6
Tuscaloosa,0015 MARY PHELPS CTR,Attorney General,,REP,654,Unverified Candidate 7
Tuscaloosa,0015 MARY PHELPS CTR,Attorney General,,REP,138,Unverified Candidate 8
Tuscaloosa,0015 MARY PHELPS CTR,Tuscaloosa County Sheriff,,REP,11,Unverified Candidate 1
Tuscaloosa,0015 MARY PHELPS CTR,Tuscaloosa County Sheriff,,REP,20,Unverified Candidate 2
Tuscaloosa,0015 MARY PHELPS CTR,Tuscaloosa County Sheriff,,REP,291,Unverified Candidate 3
Tuscaloosa,0015 MARY PHELPS CTR,Tuscaloosa County Sheriff,,REP,214,Unverified Candidate 4
Tuscaloosa,0015 MARY PHELPS CTR,Tuscaloosa County Sheriff,,REP,263,Unverified Candidate 5
Tuscaloosa,0015 MARY PHELPS CTR,Tuscaloosa County Sheriff,,REP,4,Unverified Candidate 6
Tuscaloosa,0015 MARY PHELPS CTR,Tuscaloosa County Sheriff,,REP,22,Unverified Candidate 7
Tuscaloosa,0015 MARY PHELPS CTR,U.S. House,4.0,REP,663,Unverified Candidate 1
Tuscaloosa,0015 MARY PHELPS CTR,U.S. House,4.0,REP,118,Unverified Candidate 2
Tuscaloosa,0016 CARROLLS CRK BAPT C,Attorney General,,REP,104,Unverified Candidate 1
Tuscaloosa,0016 CARROLLS CRK BAPT C,Attorney General,,REP,228,Unverified Candidate 2
Tuscaloosa,0016 CARROLLS CRK BAPT C,Attorney General,,REP,418,Unverified Candidate 3
Tuscaloosa,0016 CARROLLS CRK BAPT C,Attorney General,,REP,545,Unverified Candidate 4
Tuscaloosa,0016 CARROLLS CRK BAPT C,Attorney General,,REP,118,Unverified Candidate 5
Tuscaloosa,0016 CARROLLS CRK BAPT C,Attorney General,,REP,50,Unverified Candidate 6
Tuscaloosa,0016 CARROLLS CRK BAPT C,Attorney General,,REP,573,Unverified Candidate 7
Tuscaloosa,0016 CARROLLS CRK BAPT C,Attorney General,,REP,164,Unverified Candidate 8
Tuscaloosa,0016 CARROLLS CRK BAPT C,Tuscaloosa County Sheriff,,REP,10,Unverified Candidate 1
Tuscaloosa,0016 CARROLLS CRK BAPT C,Tuscaloosa County Sheriff,,REP,13,Unverified Candidate 2
Tuscaloosa,0016 CARROLLS CRK BAPT C,Tuscaloosa County Sheriff,,REP,256,Unverified Candidate 3
Tuscaloosa,0016 CARROLLS CRK BAPT C,Tuscaloosa County Sheriff,,REP,210,Unverified Candidate 4
Tuscaloosa,0016 CARROLLS CRK BAPT C,Tuscaloosa County Sheriff,,REP,269,Unverified Candidate 5
Tuscaloosa,0016 CARROLLS CRK BAPT C,Tuscaloosa County Sheriff,,REP,6,Unverified Candidate 6
Tuscaloosa,0016 CARROLLS CRK BAPT C,Tuscaloosa County Sheriff,,REP,11,Unverified Candidate 7
Tuscaloosa,0016 CARROLLS CRK BAPT C,U.S. House,4.0,REP,648,Unverified Candidate 1
Tuscaloosa,0016 CARROLLS CRK BAPT C,U.S. House,4.0,REP,101,Unverified Candidate 2
Tuscaloosa,0017 CHAPEL HILL BAPT,Attorney General,,REP,49,Unverified Candidate 1
Tuscaloosa,0017 CHAPEL HILL BAPT,Attorney General,,REP,149,Unverified Candidate 2
Tuscaloosa,0017 CHAPEL HILL BAPT,Attorney General,,REP,181,Unverified Candidate 3
Tuscaloosa,0017 CHAPEL HILL BAPT,Attorney General,,REP,249,Unverified Candidate 4
Tuscaloosa,0017 CHAPEL HILL BAPT,Attorney General,,REP,73,Unverified Candidate 5
Tuscaloosa,0017 CHAPEL HILL BAPT,Attorney General,,REP,32,Unverified Candidate 6
Tuscaloosa,0017 CHAPEL HILL BAPT,Attorney General,,REP,263,Unverified Candidate 7
Tuscaloosa,0017 CHAPEL HILL BAPT,Attorney General,,REP,102,Unverified Candidate 8
Tuscaloosa,0017 CHAPEL HILL BAPT,Tuscaloosa County Sheriff,,REP,3,Unverified Candidate 1
Tuscaloosa,0017 CHAPEL HILL BAPT,Tuscaloosa County Sheriff,,REP,8,Unverified Candidate 2
Tuscaloosa,0017 CHAPEL HILL BAPT,Tuscaloosa County Sheriff,,REP,161,Unverified Candidate 3
Tuscaloosa,0017 CHAPEL HILL BAPT,Tuscaloosa County Sheriff,,REP,84,Unverified Candidate 4
Tuscaloosa,0017 CHAPEL HILL BAPT,Tuscaloosa County Sheriff,,REP,126,Unverified Candidate 5
Tuscaloosa,0017 CHAPEL HILL BAPT,Tuscaloosa County Sheriff,,REP,3,Unverified Candidate 6
Tuscaloosa,0017 CHAPEL HILL BAPT,Tuscaloosa County Sheriff,,REP,7,Unverified Candidate 7
Tuscaloosa,0017 CHAPEL HILL BAPT,U.S. House,4.0,REP,313,Unverified Candidate 1
Tuscaloosa,0017 CHAPEL HILL BAPT,U.S. House,4.0,REP,67,Unverified Candidate 2
Tuscaloosa,0018 ECHOLA FIRE DEPT,Attorney General,,REP,15,Unverified Candidate 1
Tuscaloosa,0018 ECHOLA FIRE DEPT,Attorney General,,REP,39,Unverified Candidate 2
Tuscaloosa,0018 ECHOLA FIRE DEPT,Attorney General,,REP,67,Unverified Candidate 3
Tuscaloosa,0018 ECHOLA FIRE DEPT,Attorney General,,REP,82,Unverified Candidate 4
Tuscaloosa,0018 ECHOLA FIRE DEPT,Attorney General,,REP,23,Unverified Candidate 5
Tuscaloosa,0018 ECHOLA FIRE DEPT,Attorney General,,REP,12,Unverified Candidate 6
Tuscaloosa,0018 ECHOLA FIRE DEPT,Attorney General,,REP,92,Unverified Candidate 7
Tuscaloosa,0018 ECHOLA FIRE DEPT,Attorney General,,REP,27,Unverified Candidate 8
Tuscaloosa,0018 ECHOLA FIRE DEPT,Tuscaloosa County Sheriff,,REP,1,Unverified Candidate 1
Tuscaloosa,0018 ECHOLA FIRE DEPT,Tuscaloosa County Sheriff,,REP,0,Unverified Candidate 2
Tuscaloosa,0018 ECHOLA FIRE DEPT,Tuscaloosa County Sheriff,,REP,47,Unverified Candidate 3
Tuscaloosa,0018 ECHOLA FIRE DEPT,Tuscaloosa County Sheriff,,REP,34,Unverified Candidate 4
Tuscaloosa,0018 ECHOLA FIRE DEPT,Tuscaloosa County Sheriff,,REP,42,Unverified Candidate 5
Tuscaloosa,0018 ECHOLA FIRE DEPT,Tuscaloosa County Sheriff,,REP,0,Unverified Candidate 6
Tuscaloosa,0018 ECHOLA FIRE DEPT,Tuscaloosa County Sheriff,,REP,3,Unverified Candidate 7
Tuscaloosa,0018 ECHOLA FIRE DEPT,U.S. House,4.0,REP,95,Unverified Candidate 1
Tuscaloosa,0018 ECHOLA FIRE DEPT,U.S. House,4.0,REP,22,Unverified Candidate 2
Tuscaloosa,0019 MT OLIVE BAPT CH,Attorney General,,REP,28,Unverified Candidate 1
Tuscaloosa,0019 MT OLIVE BAPT CH,Attorney General,,REP,115,Unverified Candidate 2
Tuscaloosa,0019 MT OLIVE BAPT CH,Attorney General,,REP,138,Unverified Candidate 3
Tuscaloosa,0019 MT OLIVE BAPT CH,Attorney General,,REP,185,Unverified Candidate 4
Tuscaloosa,0019 MT OLIVE BAPT CH,Attorney General,,REP,56,Unverified Candidate 5
Tuscaloosa,0019 MT OLIVE BAPT CH,Attorney General,,REP,17,Unverified Candidate 6
Tuscaloosa,0019 MT OLIVE BAPT CH,Attorney General,,REP,199,Unverified Candidate 7
Tuscaloosa,0019 MT OLIVE BAPT CH,Attorney General,,REP,68,Unverified Candidate 8
Tuscaloosa,0019 MT OLIVE BAPT CH,Tuscaloosa County Sheriff,,REP,4,Unverified Candidate 1
Tuscaloosa,0019 MT OLIVE BAPT CH,Tuscaloosa County Sheriff,,REP,5,Unverified Candidate 2
Tuscaloosa,0019 MT OLIVE BAPT CH,Tuscaloosa County Sheriff,,REP,88,Unverified Candidate 3
Tuscaloosa,0019 MT OLIVE BAPT CH,Tuscaloosa County Sheriff,,REP,77,Unverified Candidate 4
Tuscaloosa,0019 MT OLIVE BAPT CH,Tuscaloosa County Sheriff,,REP,103,Unverified Candidate 5
Tuscaloosa,0019 MT OLIVE BAPT CH,Tuscaloosa County Sheriff,,REP,4,Unverified Candidate 6
Tuscaloosa,0019 MT OLIVE BAPT CH,Tuscaloosa County Sheriff,,REP,2,Unverified Candidate 7
Tuscaloosa,0019 MT OLIVE BAPT CH,U.S. House,4.0,REP,237,Unverified Candidate 1
Tuscaloosa,0019 MT OLIVE BAPT CH,U.S. House,4.0,REP,32,Unverified Candidate 2
Tuscaloosa,0020 FLATWOODS BAPT,Attorney General,,REP,59,Unverified Candidate 1
Tuscaloosa,0020 FLATWOODS BAPT,Attorney General,,REP,142,Unverified Candidate 2
Tuscaloosa,0020 FLATWOODS BAPT,Attorney General,,REP,176,Unverified Candidate 3
Tuscaloosa,0020 FLATWOODS BAPT,Attorney General,,REP,248,Unverified Candidate 4
Tuscaloosa,0020 FLATWOODS BAPT,Attorney General,,REP,85,Unverified Candidate 5
Tuscaloosa,0020 FLATWOODS BAPT,Attorney General,,REP,33,Unverified Candidate 6
Tuscaloosa,0020 FLATWOODS BAPT,Attorney General,,REP,278,Unverified Candidate 7
Tuscaloosa,0020 FLATWOODS BAPT,Attorney General,,REP,96,Unverified Candidate 8
Tuscaloosa,0020 FLATWOODS BAPT,Tuscaloosa County Sheriff,,REP,5,Unverified Candidate 1
Tuscaloosa,0020 FLATWOODS BAPT,Tuscaloosa County Sheriff,,REP,3,Unverified Candidate 2
Tuscaloosa,0020 FLATWOODS BAPT,Tuscaloosa County Sheriff,,REP,107,Unverified Candidate 3
Tuscaloosa,0020 FLATWOODS BAPT,Tuscaloosa County Sheriff,,REP,120,Unverified Candidate 4
Tuscaloosa,0020 FLATWOODS BAPT,Tuscaloosa County Sheriff,,REP,143,Unverified Candidate 5
Tuscaloosa,0020 FLATWOODS BAPT,Tuscaloosa County Sheriff,,REP,2,Unverified Candidate 6
Tuscaloosa,0020 FLATWOODS BAPT,Tuscaloosa County Sheriff,,REP,6,Unverified Candidate 7
Tuscaloosa,0020 FLATWOODS BAPT,U.S. House,4.0,REP,303,Unverified Candidate 1
Tuscaloosa,0020 FLATWOODS BAPT,U.S. House,4.0,REP,66,Unverified Candidate 2
Tuscaloosa,0021 NORTHPORT CITY HALL,Attorney General,,REP,102,Unverified Candidate 1
Tuscaloosa,0021 NORTHPORT CITY HALL,Attorney General,,REP,205,Unverified Candidate 2
Tuscaloosa,0021 NORTHPORT CITY HALL,Attorney General,,REP,257,Unverified Candidate 3
Tuscaloosa,0021 NORTHPORT CITY HALL,Attorney General,,REP,412,Unverified Candidate 4
Tuscaloosa,0021 NORTHPORT CITY HALL,Attorney General,,REP,84,Unverified Candidate 5
Tuscaloosa,0021 NORTHPORT CITY HALL,Attorney General,,REP,50,Unverified Candidate 6
Tuscaloosa,0021 NORTHPORT CITY HALL,Attorney General,,REP,425,Unverified Candidate 7
Tuscaloosa,0021 NORTHPORT CITY HALL,Attorney General,,REP,131,Unverified Candidate 8
Tuscaloosa,0021 NORTHPORT CITY HALL,Tuscaloosa County Sheriff,,REP,9,Unverified Candidate 1
Tuscaloosa,0021 NORTHPORT CITY HALL,Tuscaloosa County Sheriff,,REP,13,Unverified Candidate 2
Tuscaloosa,0021 NORTHPORT CITY HALL,Tuscaloosa County Sheriff,,REP,181,Unverified Candidate 3
Tuscaloosa,0021 NORTHPORT CITY HALL,Tuscaloosa County Sheriff,,REP,136,Unverified Candidate 4
Tuscaloosa,0021 NORTHPORT CITY HALL,Tuscaloosa County Sheriff,,REP,215,Unverified Candidate 5
Tuscaloosa,0021 NORTHPORT CITY HALL,Tuscaloosa County Sheriff,,REP,1,Unverified Candidate 6
Tuscaloosa,0021 NORTHPORT CITY HALL,Tuscaloosa County Sheriff,,REP,16,Unverified Candidate 7
Tuscaloosa,0021 NORTHPORT CITY HALL,U.S. House,4.0,REP,443,Unverified Candidate 1
Tuscaloosa,0021 NORTHPORT CITY HALL,U.S. House,4.0,REP,104,Unverified Candidate 2
Tuscaloosa,0022 DAYSTAR FAMILY CH,Attorney General,,REP,74,Unverified Candidate 1
Tuscaloosa,0022 DAYSTAR FAMILY CH,Attorney General,,REP,131,Unverified Candidate 2
Tuscaloosa,0022 DAYSTAR FAMILY CH,Attorney General,,REP,170,Unverified Candidate 3
Tuscaloosa,0022 DAYSTAR FAMILY CH,Attorney General,,REP,252,Unverified Candidate 4
Tuscaloosa,0022 DAYSTAR FAMILY CH,Attorney General,,REP,76,Unverified Candidate 5
Tuscaloosa,0022 DAYSTAR FAMILY CH,Attorney General,,REP,40,Unverified Candidate 6
Tuscaloosa,0022 DAYSTAR FAMILY CH,Attorney General,,REP,283,Unverified Candidate 7
Tuscaloosa,0022 DAYSTAR FAMILY CH,Attorney General,,REP,93,Unverified Candidate 8
Tuscaloosa,0022 DAYSTAR FAMILY CH,Tuscaloosa County Sheriff,,REP,14,Unverified Candidate 1
Tuscaloosa,0022 DAYSTAR FAMILY CH,Tuscaloosa County Sheriff,,REP,11,Unverified Candidate 2
Tuscaloosa,0022 DAYSTAR FAMILY CH,Tuscaloosa County Sheriff,,REP,139,Unverified Candidate 3
Tuscaloosa,0022 DAYSTAR FAMILY CH,Tuscaloosa County Sheriff,,REP,87,Unverified Candidate 4
Tuscaloosa,0022 DAYSTAR FAMILY CH,Tuscaloosa County Sheriff,,REP,116,Unverified Candidate 5
Tuscaloosa,0022 DAYSTAR FAMILY CH,Tuscaloosa County Sheriff,,REP,5,Unverified Candidate 6
Tuscaloosa,0022 DAYSTAR FAMILY CH,Tuscaloosa County Sheriff,,REP,9,Unverified Candidate 7
Tuscaloosa,0022 DAYSTAR FAMILY CH,U.S. House,4.0,REP,301,Unverified Candidate 1
Tuscaloosa,0022 DAYSTAR FAMILY CH,U.S. House,4.0,REP,65,Unverified Candidate 2
Tuscaloosa,0023 CH OF THE HIGHLANDS,Attorney General,,REP,135,Unverified Candidate 1
Tuscaloosa,0023 CH OF THE HIGHLANDS,Attorney General,,REP,233,Unverified Candidate 2
Tuscaloosa,0023 CH OF THE HIGHLANDS,Attorney General,,REP,456,Unverified Candidate 3
Tuscaloosa,0023 CH OF THE HIGHLANDS,Attorney General,,REP,591,Unverified Candidate 4
Tuscaloosa,0023 CH OF THE HIGHLANDS,Attorney General,,REP,111,Unverified Candidate 5
Tuscaloosa,0023 CH OF THE HIGHLANDS,Attorney General,,REP,70,Unverified Candidate 6
Tuscaloosa,0023 CH OF THE HIGHLANDS,Attorney General,,REP,668,Unverified Candidate 7
Tuscaloosa,0023 CH OF THE HIGHLANDS,Attorney General,,REP,148,Unverified Candidate 8
Tuscaloosa,0023 CH OF THE HIGHLANDS,Tuscaloosa County Sheriff,,REP,21,Unverified Candidate 1
Tuscaloosa,0023 CH OF THE HIGHLANDS,Tuscaloosa County Sheriff,,REP,19,Unverified Candidate 2
Tuscaloosa,0023 CH OF THE HIGHLANDS,Tuscaloosa County Sheriff,,REP,302,Unverified Candidate 3
Tuscaloosa,0023 CH OF THE HIGHLANDS,Tuscaloosa County Sheriff,,REP,272,Unverified Candidate 4
Tuscaloosa,0023 CH OF THE HIGHLANDS,Tuscaloosa County Sheriff,,REP,215,Unverified Candidate 5
Tuscaloosa,0023 CH OF THE HIGHLANDS,Tuscaloosa County Sheriff,,REP,5,Unverified Candidate 6
Tuscaloosa,0023 CH OF THE HIGHLANDS,Tuscaloosa County Sheriff,,REP,19,Unverified Candidate 7
Tuscaloosa,0023 CH OF THE HIGHLANDS,U.S. House,4.0,REP,680,Unverified Candidate 1
Tuscaloosa,0023 CH OF THE HIGHLANDS,U.S. House,4.0,REP,109,Unverified Candidate 2
Tuscaloosa,0024 SOMA CHURCH,Attorney General,,REP,15,Unverified Candidate 1
Tuscaloosa,0024 SOMA CHURCH,Attorney General,,REP,19,Unverified Candidate 2
Tuscaloosa,0024 SOMA CHURCH,Attorney General,,REP,25,Unverified Candidate 3
Tuscaloosa,0024 SOMA CHURCH,Attorney General,,REP,32,Unverified Candidate 4
Tuscaloosa,0024 SOMA CHURCH,Attorney General,,REP,14,Unverified Candidate 5
Tuscaloosa,0024 SOMA CHURCH,Attorney General,,REP,8,Unverified Candidate 6
Tuscaloosa,0024 SOMA CHURCH,Attorney General,,REP,39,Unverified Candidate 7
Tuscaloosa,0024 SOMA CHURCH,Attorney General,,REP,17,Unverified Candidate 8
Tuscaloosa,0024 SOMA CHURCH,Tuscaloosa County Sheriff,,REP,2,Unverified Candidate 1
Tuscaloosa,0024 SOMA CHURCH,Tuscaloosa County Sheriff,,REP,0,Unverified Candidate 2
Tuscaloosa,0024 SOMA CHURCH,Tuscaloosa County Sheriff,,REP,20,Unverified Candidate 3
Tuscaloosa,0024 SOMA CHURCH,Tuscaloosa County Sheriff,,REP,13,Unverified Candidate 4
Tuscaloosa,0024 SOMA CHURCH,Tuscaloosa County Sheriff,,REP,20,Unverified Candidate 5
Tuscaloosa,0024 SOMA CHURCH,Tuscaloosa County Sheriff,,REP,2,Unverified Candidate 6
Tuscaloosa,0024 SOMA CHURCH,Tuscaloosa County Sheriff,,REP,2,Unverified Candidate 7
Tuscaloosa,0024 SOMA CHURCH,U.S. House,4.0,REP,44,Unverified Candidate 1
Tuscaloosa,0024 SOMA CHURCH,U.S. House,4.0,REP,13,Unverified Candidate 2
Tuscaloosa,0025 PETERSON COMM CH,Attorney General,,REP,24,Unverified Candidate 1
Tuscaloosa,0025 PETERSON COMM CH,Attorney General,,REP,46,Unverified Candidate 2
Tuscaloosa,0025 PETERSON COMM CH,Attorney General,,REP,59,Unverified Candidate 3
Tuscaloosa,0025 PETERSON COMM CH,Attorney General,,REP,83,Unverified Candidate 4
Tuscaloosa,0025 PETERSON COMM CH,Attorney General,,REP,34,Unverified Candidate 5
Tuscaloosa,0025 PETERSON COMM CH,Attorney General,,REP,8,Unverified Candidate 6
Tuscaloosa,0025 PETERSON COMM CH,Attorney General,,REP,91,Unverified Candidate 7
Tuscaloosa,0025 PETERSON COMM CH,Attorney General,,REP,35,Unverified Candidate 8
Tuscaloosa,0025 PETERSON COMM CH,Tuscaloosa County Sheriff,,REP,1,Unverified Candidate 1
Tuscaloosa,0025 PETERSON COMM CH,Tuscaloosa County Sheriff,,REP,5,Unverified Candidate 2
Tuscaloosa,0025 PETERSON COMM CH,Tuscaloosa County Sheriff,,REP,41,Unverified Candidate 3
Tuscaloosa,0025 PETERSON COMM CH,Tuscaloosa County Sheriff,,REP,31,Unverified Candidate 4
Tuscaloosa,0025 PETERSON COMM CH,Tuscaloosa County Sheriff,,REP,55,Unverified Candidate 5
Tuscaloosa,0025 PETERSON COMM CH,Tuscaloosa County Sheriff,,REP,0,Unverified Candidate 6
Tuscaloosa,0025 PETERSON COMM CH,Tuscaloosa County Sheriff,,REP,0,Unverified Candidate 7
Tuscaloosa,0026 ALBERTA BAPTIST CH,Attorney General,,REP,45,Unverified Candidate 1
Tuscaloosa,0026 ALBERTA BAPTIST CH,Attorney General,,REP,54,Unverified Candidate 2
Tuscaloosa,0026 ALBERTA BAPTIST CH,Attorney General,,REP,112,Unverified Candidate 3
Tuscaloosa,0026 ALBERTA BAPTIST CH,Attorney General,,REP,119,Unverified Candidate 4
Tuscaloosa,0026 ALBERTA BAPTIST CH,Attorney General,,REP,46,Unverified Candidate 5
Tuscaloosa,0026 ALBERTA BAPTIST CH,Attorney General,,REP,36,Unverified Candidate 6
Tuscaloosa,0026 ALBERTA BAPTIST CH,Attorney General,,REP,149,Unverified Candidate 7
Tuscaloosa,0026 ALBERTA BAPTIST CH,Attorney General,,REP,58,Unverified Candidate 8
Tuscaloosa,0026 ALBERTA BAPTIST CH,Tuscaloosa County Sheriff,,REP,3,Unverified Candidate 1
Tuscaloosa,0026 ALBERTA BAPTIST CH,Tuscaloosa County Sheriff,,REP,8,Unverified Candidate 2
Tuscaloosa,0026 ALBERTA BAPTIST CH,Tuscaloosa County Sheriff,,REP,59,Unverified Candidate 3
Tuscaloosa,0026 ALBERTA BAPTIST CH,Tuscaloosa County Sheriff,,REP,70,Unverified Candidate 4
Tuscaloosa,0026 ALBERTA BAPTIST CH,Tuscaloosa County Sheriff,,REP,62,Unverified Candidate 5
Tuscaloosa,0026 ALBERTA BAPTIST CH,Tuscaloosa County Sheriff,,REP,3,Unverified Candidate 6
Tuscaloosa,0026 ALBERTA BAPTIST CH,Tuscaloosa County Sheriff,,REP,16,Unverified Candidate 7
Tuscaloosa,0026 ALBERTA BAPTIST CH,U.S. House,4.0,REP,2,Unverified Candidate 1
Tuscaloosa,0026 ALBERTA BAPTIST CH,U.S. House,4.0,REP,0,Unverified Candidate 2
Tuscaloosa,0027 U OF A STUDENT REC,Attorney General,,REP,11,Unverified Candidate 1
Tuscaloosa,0027 U OF A STUDENT REC,Attorney General,,REP,19,Unverified Candidate 2
Tuscaloosa,0027 U OF A STUDENT REC,Attorney General,,REP,29,Unverified Candidate 3
Tuscaloosa,0027 U OF A STUDENT REC,Attorney General,,REP,33,Unverified Candidate 4
Tuscaloosa,0027 U OF A STUDENT REC,Attorney General,,REP,19,Unverified Candidate 5
Tuscaloosa,0027 U OF A STUDENT REC,Attorney General,,REP,4,Unverified Candidate 6
Tuscaloosa,0027 U OF A STUDENT REC,Attorney General,,REP,42,Unverified Candidate 7
Tuscaloosa,0027 U OF A STUDENT REC,Attorney General,,REP,15,Unverified Candidate 8
Tuscaloosa,0027 U OF A STUDENT REC,Tuscaloosa County Sheriff,,REP,4,Unverified Candidate 1
Tuscaloosa,0027 U OF A STUDENT REC,Tuscaloosa County Sheriff,,REP,0,Unverified Candidate 2
Tuscaloosa,0027 U OF A STUDENT REC,Tuscaloosa County Sheriff,,REP,23,Unverified Candidate 3
Tuscaloosa,0027 U OF A STUDENT REC,Tuscaloosa County Sheriff,,REP,16,Unverified Candidate 4
Tuscaloosa,0027 U OF A STUDENT REC,Tuscaloosa County Sheriff,,REP,13,Unverified Candidate 5
Tuscaloosa,0027 U OF A STUDENT REC,Tuscaloosa County Sheriff,,REP,1,Unverified Candidate 6
Tuscaloosa,0027 U OF A STUDENT REC,Tuscaloosa County Sheriff,,REP,1,Unverified Candidate 7
Tuscaloosa,0028 COUNTY CTHS ANNEX,Attorney General,,REP,13,Unverified Candidate 1
Tuscaloosa,0028 COUNTY CTHS ANNEX,Attorney General,,REP,25,Unverified Candidate 2
Tuscaloosa,0028 COUNTY CTHS ANNEX,Attorney General,,REP,54,Unverified Candidate 3
Tuscaloosa,0028 COUNTY CTHS ANNEX,Attorney General,,REP,62,Unverified Candidate 4
Tuscaloosa,0028 COUNTY CTHS ANNEX,Attorney General,,REP,14,Unverified Candidate 5
Tuscaloosa,0028 COUNTY CTHS ANNEX,Attorney General,,REP,7,Unverified Candidate 6
Tuscaloosa,0028 COUNTY CTHS ANNEX,Attorney General,,REP,69,Unverified Candidate 7
Tuscaloosa,0028 COUNTY CTHS ANNEX,Attorney General,,REP,17,Unverified Candidate 8
Tuscaloosa,0028 COUNTY CTHS ANNEX,Tuscaloosa County Sheriff,,REP,1,Unverified Candidate 1
Tuscaloosa,0028 COUNTY CTHS ANNEX,Tuscaloosa County Sheriff,,REP,3,Unverified Candidate 2
Tuscaloosa,0028 COUNTY CTHS ANNEX,Tuscaloosa County Sheriff,,REP,36,Unverified Candidate 3
Tuscaloosa,0028 COUNTY CTHS ANNEX,Tuscaloosa County Sheriff,,REP,18,Unverified Candidate 4
Tuscaloosa,0028 COUNTY CTHS ANNEX,Tuscaloosa County Sheriff,,REP,31,Unverified Candidate 5
Tuscaloosa,0028 COUNTY CTHS ANNEX,Tuscaloosa County Sheriff,,REP,1,Unverified Candidate 6
Tuscaloosa,0028 COUNTY CTHS ANNEX,Tuscaloosa County Sheriff,,REP,1,Unverified Candidate 7
Tuscaloosa,0029 NEW ZION MISSIONARY,Attorney General,,REP,12,Unverified Candidate 1
Tuscaloosa,0029 NEW ZION MISSIONARY,Attorney General,,REP,15,Unverified Candidate 2
Tuscaloosa,0029 NEW ZION MISSIONARY,Attorney General,,REP,24,Unverified Candidate 3
Tuscaloosa,0029 NEW ZION MISSIONARY,Attorney General,,REP,34,Unverified Candidate 4
Tuscaloosa,0029 NEW ZION MISSIONARY,Attorney General,,REP,11,Unverified Candidate 5
Tuscaloosa,0029 NEW ZION MISSIONARY,Attorney General,,REP,4,Unverified Candidate 6
Tuscaloosa,0029 NEW ZION MISSIONARY,Attorney General,,REP,37,Unverified Candidate 7
Tuscaloosa,0029 NEW ZION MISSIONARY,Attorney General,,REP,14,Unverified Candidate 8
Tuscaloosa,0029 NEW ZION MISSIONARY,Tuscaloosa County Sheriff,,REP,3,Unverified Candidate 1
Tuscaloosa,0029 NEW ZION MISSIONARY,Tuscaloosa County Sheriff,,REP,2,Unverified Candidate 2
Tuscaloosa,0029 NEW ZION MISSIONARY,Tuscaloosa County Sheriff,,REP,17,Unverified Candidate 3
Tuscaloosa,0029 NEW ZION MISSIONARY,Tuscaloosa County Sheriff,,REP,14,Unverified Candidate 4
Tuscaloosa,0029 NEW ZION MISSIONARY,Tuscaloosa County Sheriff,,REP,14,Unverified Candidate 5
Tuscaloosa,0029 NEW ZION MISSIONARY,Tuscaloosa County Sheriff,,REP,1,Unverified Candidate 6
Tuscaloosa,0029 NEW ZION MISSIONARY,Tuscaloosa County Sheriff,,REP,0,Unverified Candidate 7
Tuscaloosa,0029 NEW ZION MISSIONARY,U.S. House,4.0,REP,36,Unverified Candidate 1
Tuscaloosa,0029 NEW ZION MISSIONARY,U.S. House,4.0,REP,10,Unverified Candidate 2
Tuscaloosa,0030 NORTHPORT COMM CTR,Attorney General,,REP,36,Unverified Candidate 1
Tuscaloosa,0030 NORTHPORT COMM CTR,Attorney General,,REP,52,Unverified Candidate 2
Tuscaloosa,0030 NORTHPORT COMM CTR,Attorney General,,REP,89,Unverified Candidate 3
Tuscaloosa,0030 NORTHPORT COMM CTR,Attorney General,,REP,108,Unverified Candidate 4
Tuscaloosa,0030 NORTHPORT COMM CTR,Attorney General,,REP,42,Unverified Candidate 5
Tuscaloosa,0030 NORTHPORT COMM CTR,Attorney General,,REP,21,Unverified Candidate 6
Tuscaloosa,0030 NORTHPORT COMM CTR,Attorney General,,REP,122,Unverified Candidate 7
Tuscaloosa,0030 NORTHPORT COMM CTR,Attorney General,,REP,53,Unverified Candidate 8
Tuscaloosa,0030 NORTHPORT COMM CTR,Tuscaloosa County Sheriff,,REP,1,Unverified Candidate 1
Tuscaloosa,0030 NORTHPORT COMM CTR,Tuscaloosa County Sheriff,,REP,2,Unverified Candidate 2
Tuscaloosa,0030 NORTHPORT COMM CTR,Tuscaloosa County Sheriff,,REP,62,Unverified Candidate 3
Tuscaloosa,0030 NORTHPORT COMM CTR,Tuscaloosa County Sheriff,,REP,38,Unverified Candidate 4
Tuscaloosa,0030 NORTHPORT COMM CTR,Tuscaloosa County Sheriff,,REP,70,Unverified Candidate 5
Tuscaloosa,0030 NORTHPORT COMM CTR,Tuscaloosa County Sheriff,,REP,4,Unverified Candidate 6
Tuscaloosa,0030 NORTHPORT COMM CTR,Tuscaloosa County Sheriff,,REP,4,Unverified Candidate 7
Tuscaloosa,0030 NORTHPORT COMM CTR,U.S. House,4.0,REP,138,Unverified Candidate 1
Tuscaloosa,0030 NORTHPORT COMM CTR,U.S. House,4.0,REP,37,Unverified Candidate 2
Tuscaloosa,0031 COKER TOWN HALL,Attorney General,,REP,33,Unverified Candidate 1
Tuscaloosa,0031 COKER TOWN HALL,Attorney General,,REP,45,Unverified Candidate 2
Tuscaloosa,0031 COKER TOWN HALL,Attorney General,,REP,75,Unverified Candidate 3
Tuscaloosa,0031 COKER TOWN HALL,Attorney General,,REP,102,Unverified Candidate 4
Tuscaloosa,0031 COKER TOWN HALL,Attorney General,,REP,35,Unverified Candidate 5
Tuscaloosa,0031 COKER TOWN HALL,Attorney General,,REP,7,Unverified Candidate 6
Tuscaloosa,0031 COKER TOWN HALL,Attorney General,,REP,109,Unverified Candidate 7
Tuscaloosa,0031 COKER TOWN HALL,Attorney General,,REP,48,Unverified Candidate 8
Tuscaloosa,0031 COKER TOWN HALL,Tuscaloosa County Sheriff,,REP,3,Unverified Candidate 1
Tuscaloosa,0031 COKER TOWN HALL,Tuscaloosa County Sheriff,,REP,0,Unverified Candidate 2
Tuscaloosa,0031 COKER TOWN HALL,Tuscaloosa County Sheriff,,REP,57,Unverified Candidate 3
Tuscaloosa,0031 COKER TOWN HALL,Tuscaloosa County Sheriff,,REP,44,Unverified Candidate 4
Tuscaloosa,0031 COKER TOWN HALL,Tuscaloosa County Sheriff,,REP,55,Unverified Candidate 5
Tuscaloosa,0031 COKER TOWN HALL,Tuscaloosa County Sheriff,,REP,0,Unverified Candidate 6
Tuscaloosa,0031 COKER TOWN HALL,Tuscaloosa County Sheriff,,REP,3,Unverified Candidate 7
Tuscaloosa,0031 COKER TOWN HALL,U.S. House,4.0,REP,126,Unverified Candidate 1
Tuscaloosa,0031 COKER TOWN HALL,U.S. House,4.0,REP,31,Unverified Candidate 2
Tuscaloosa,0032 BUHL VFD STATION,Attorney General,,REP,27,Unverified Candidate 1
Tuscaloosa,0032 BUHL VFD STATION,Attorney General,,REP,37,Unverified Candidate 2
Tuscaloosa,0032 BUHL VFD STATION,Attorney General,,REP,61,Unverified Candidate 3
Tuscaloosa,0032 BUHL VFD STATION,Attorney General,,REP,86,Unverified Candidate 4
Tuscaloosa,0032 BUHL VFD STATION,Attorney General,,REP,29,Unverified Candidate 5
Tuscaloosa,0032 BUHL VFD STATION,Attorney General,,REP,7,Unverified Candidate 6
Tuscaloosa,0032 BUHL VFD STATION,Attorney General,,REP,81,Unverified Candidate 7
Tuscaloosa,0032 BUHL VFD STATION,Attorney General,,REP,44,Unverified Candidate 8
Tuscaloosa,0032 BUHL VFD STATION,Tuscaloosa County Sheriff,,REP,3,Unverified Candidate 1
Tuscaloosa,0032 BUHL VFD STATION,Tuscaloosa County Sheriff,,REP,1,Unverified Candidate 2
Tuscaloosa,0032 BUHL VFD STATION,Tuscaloosa County Sheriff,,REP,46,Unverified Candidate 3
Tuscaloosa,0032 BUHL VFD STATION,Tuscaloosa County Sheriff,,REP,34,Unverified Candidate 4
Tuscaloosa,0032 BUHL VFD STATION,Tuscaloosa County Sheriff,,REP,41,Unverified Candidate 5
Tuscaloosa,0032 BUHL VFD STATION,Tuscaloosa County Sheriff,,REP,3,Unverified Candidate 6
Tuscaloosa,0032 BUHL VFD STATION,Tuscaloosa County Sheriff,,REP,0,Unverified Candidate 7
Tuscaloosa,0032 BUHL VFD STATION,U.S. House,4.0,REP,96,Unverified Candidate 1
Tuscaloosa,0032 BUHL VFD STATION,U.S. House,4.0,REP,26,Unverified Candidate 2
Tuscaloosa,0033 ELROD VFD STATION,Attorney General,,REP,7,Unverified Candidate 1
Tuscaloosa,0033 ELROD VFD STATION,Attorney General,,REP,21,Unverified Candidate 2
Tuscaloosa,0033 ELROD VFD STATION,Attorney General,,REP,35,Unverified Candidate 3
Tuscaloosa,0033 ELROD VFD STATION,Attorney General,,REP,36,Unverified Candidate 4
Tuscaloosa,0033 ELROD VFD STATION,Attorney General,,REP,20,Unverified Candidate 5
Tuscaloosa,0033 ELROD VFD STATION,Attorney General,,REP,3,Unverified Candidate 6
Tuscaloosa,0033 ELROD VFD STATION,Attorney General,,REP,39,Unverified Candidate 7
Tuscaloosa,0033 ELROD VFD STATION,Attorney General,,REP,17,Unverified Candidate 8
Tuscaloosa,0033 ELROD VFD STATION,Tuscaloosa County Sheriff,,REP,0,Unverified Candidate 1
Tuscaloosa,0033 ELROD VFD STATION,Tuscaloosa County Sheriff,,REP,0,Unverified Candidate 2
Tuscaloosa,0033 ELROD VFD STATION,Tuscaloosa County Sheriff,,REP,22,Unverified Candidate 3
Tuscaloosa,0033 ELROD VFD STATION,Tuscaloosa County Sheriff,,REP,15,Unverified Candidate 4
Tuscaloosa,0033 ELROD VFD STATION,Tuscaloosa County Sheriff,,REP,26,Unverified Candidate 5
Tuscaloosa,0033 ELROD VFD STATION,Tuscaloosa County Sheriff,,REP,0,Unverified Candidate 6
Tuscaloosa,0033 ELROD VFD STATION,Tuscaloosa County Sheriff,,REP,2,Unverified Candidate 7
Tuscaloosa,0033 ELROD VFD STATION,U.S. House,4.0,REP,48,Unverified Candidate 1
Tuscaloosa,0033 ELROD VFD STATION,U.S. House,4.0,REP,13,Unverified Candidate 2
Tuscaloosa,0034 ROMULUS FIRE DEPT,Attorney General,,REP,10,Unverified Candidate 1
Tuscaloosa,0034 ROMULUS FIRE DEPT,Attorney General,,REP,20,Unverified Candidate 2
Tuscaloosa,0034 ROMULUS FIRE DEPT,Attorney General,,REP,37,Unverified Candidate 3
Tuscaloosa,0034 ROMULUS FIRE DEPT,Attorney General,,REP,45,Unverified Candidate 4
Tuscaloosa,0034 ROMULUS FIRE DEPT,Attorney General,,REP,12,Unverified Candidate 5
Tuscaloosa,0034 ROMULUS FIRE DEPT,Attorney General,,REP,4,Unverified Candidate 6
Tuscaloosa,0034 ROMULUS FIRE DEPT,Attorney General,,REP,52,Unverified Candidate 7
Tuscaloosa,0034 ROMULUS FIRE DEPT,Attorney General,,REP,13,Unverified Candidate 8
Tuscaloosa,0034 ROMULUS FIRE DEPT,Tuscaloosa County Sheriff,,REP,2,Unverified Candidate 1
Tuscaloosa,0034 ROMULUS FIRE DEPT,Tuscaloosa County Sheriff,,REP,0,Unverified Candidate 2
Tuscaloosa,0034 ROMULUS FIRE DEPT,Tuscaloosa County Sheriff,,REP,11,Unverified Candidate 3
Tuscaloosa,0034 ROMULUS FIRE DEPT,Tuscaloosa County Sheriff,,REP,23,Unverified Candidate 4
Tuscaloosa,0034 ROMULUS FIRE DEPT,Tuscaloosa County Sheriff,,REP,33,Unverified Candidate 5
Tuscaloosa,0034 ROMULUS FIRE DEPT,Tuscaloosa County Sheriff,,REP,1,Unverified Candidate 6
Tuscaloosa,0034 ROMULUS FIRE DEPT,Tuscaloosa County Sheriff,,REP,0,Unverified Candidate 7
Tuscaloosa,0034 ROMULUS FIRE DEPT,U.S. House,4.0,REP,57,Unverified Candidate 1
Tuscaloosa,0034 ROMULUS FIRE DEPT,U.S. House,4.0,REP,10,Unverified Candidate 2
Tuscaloosa,0035 UNITY BAPT CH,Attorney General,,REP,6,Unverified Candidate 1
Tuscaloosa,0035 UNITY BAPT CH,Attorney General,,REP,4,Unverified Candidate 2
Tuscaloosa,0035 UNITY BAPT CH,Attorney General,,REP,18,Unverified Candidate 3
Tuscaloosa,0035 UNITY BAPT CH,Attorney General,,REP,21,Unverified Candidate 4
Tuscaloosa,0035 UNITY BAPT CH,Attorney General,,REP,5,Unverified Candidate 5
Tuscaloosa,0035 UNITY BAPT CH,Attorney General,,REP,2,Unverified Candidate 6
Tuscaloosa,0035 UNITY BAPT CH,Attorney General,,REP,17,Unverified Candidate 7
Tuscaloosa,0035 UNITY BAPT CH,Attorney General,,REP,11,Unverified Candidate 8
Tuscaloosa,0035 UNITY BAPT CH,Tuscaloosa County Sheriff,,REP,0,Unverified Candidate 1
Tuscaloosa,0035 UNITY BAPT CH,Tuscaloosa County Sheriff,,REP,1,Unverified Candidate 2
Tuscaloosa,0035 UNITY BAPT CH,Tuscaloosa County Sheriff,,REP,14,Unverified Candidate 3
Tuscaloosa,0035 UNITY BAPT CH,Tuscaloosa County Sheriff,,REP,3,Unverified Candidate 4
Tuscaloosa,0035 UNITY BAPT CH,Tuscaloosa County Sheriff,,REP,10,Unverified Candidate 5
Tuscaloosa,0035 UNITY BAPT CH,Tuscaloosa County Sheriff,,REP,0,Unverified Candidate 6
Tuscaloosa,0035 UNITY BAPT CH,Tuscaloosa County Sheriff,,REP,1,Unverified Candidate 7
Tuscaloosa,0035 UNITY BAPT CH,U.S. House,4.0,REP,18,Unverified Candidate 1
Tuscaloosa,0035 UNITY BAPT CH,U.S. House,4.0,REP,10,Unverified Candidate 2
Tuscaloosa,0036 STILLMAN COLLEGE,Attorney General,,REP,3,Unverified Candidate 1
Tuscaloosa,0036 STILLMAN COLLEGE,Attorney General,,REP,3,Unverified Candidate 2
Tuscaloosa,0036 STILLMAN COLLEGE,Attorney General,,REP,4,Unverified Candidate 3
Tuscaloosa,0036 STILLMAN COLLEGE,Attorney General,,REP,3,Unverified Candidate 4
Tuscaloosa,0036 STILLMAN COLLEGE,Attorney General,,REP,2,Unverified Candidate 5
Tuscaloosa,0036 STILLMAN COLLEGE,Attorney General,,REP,4,Unverified Candidate 6
Tuscaloosa,0036 STILLMAN COLLEGE,Attorney General,,REP,6,Unverified Candidate 7
Tuscaloosa,0036 STILLMAN COLLEGE,Attorney General,,REP,3,Unverified Candidate 8
Tuscaloosa,0036 STILLMAN COLLEGE,Tuscaloosa County Sheriff,,REP,0,Unverified Candidate 1
Tuscaloosa,0036 STILLMAN COLLEGE,Tuscaloosa County Sheriff,,REP,0,Unverified Candidate 2
Tuscaloosa,0036 STILLMAN COLLEGE,Tuscaloosa County Sheriff,,REP,3,Unverified Candidate 3
Tuscaloosa,0036 STILLMAN COLLEGE,Tuscaloosa County Sheriff,,REP,1,Unverified Candidate 4
Tuscaloosa,0036 STILLMAN COLLEGE,Tuscaloosa County Sheriff,,REP,3,Unverified Candidate 5
Tuscaloosa,0036 STILLMAN COLLEGE,Tuscaloosa County Sheriff,,REP,2,Unverified Candidate 6
Tuscaloosa,0036 STILLMAN COLLEGE,Tuscaloosa County Sheriff,,REP,1,Unverified Candidate 7
Tuscaloosa,0037 MCDONALD HUGHES COM,Attorney General,,REP,0,Unverified Candidate 1
Tuscaloosa,0037 MCDONALD HUGHES COM,Attorney General,,REP,4,Unverified Candidate 2
Tuscaloosa,0037 MCDONALD HUGHES COM,Attorney General,,REP,1,Unverified Candidate 3
Tuscaloosa,0037 MCDONALD HUGHES COM,Attorney General,,REP,1,Unverified Candidate 4
Tuscaloosa,0037 MCDONALD HUGHES COM,Attorney General,,REP,3,Unverified Candidate 5
Tuscaloosa,0037 MCDONALD HUGHES COM,Attorney General,,REP,0,Unverified Candidate 6
Tuscaloosa,0037 MCDONALD HUGHES COM,Attorney General,,REP,3,Unverified Candidate 7
Tuscaloosa,0037 MCDONALD HUGHES COM,Attorney General,,REP,1,Unverified Candidate 8
Tuscaloosa,0037 MCDONALD HUGHES COM,Tuscaloosa County Sheriff,,REP,0,Unverified Candidate 1
Tuscaloosa,0037 MCDONALD HUGHES COM,Tuscaloosa County Sheriff,,REP,0,Unverified Candidate 2
Tuscaloosa,0037 MCDONALD HUGHES COM,Tuscaloosa County Sheriff,,REP,4,Unverified Candidate 3
Tuscaloosa,0037 MCDONALD HUGHES COM,Tuscaloosa County Sheriff,,REP,1,Unverified Candidate 4
Tuscaloosa,0037 MCDONALD HUGHES COM,Tuscaloosa County Sheriff,,REP,0,Unverified Candidate 5
Tuscaloosa,0037 MCDONALD HUGHES COM,Tuscaloosa County Sheriff,,REP,0,Unverified Candidate 6
Tuscaloosa,0037 MCDONALD HUGHES COM,Tuscaloosa County Sheriff,,REP,0,Unverified Candidate 7
Tuscaloosa,0037 MCDONALD HUGHES COM,U.S. House,4.0,REP,2,Unverified Candidate 1
Tuscaloosa,0037 MCDONALD HUGHES COM,U.S. House,4.0,REP,0,Unverified Candidate 2
Tuscaloosa,0038 CORNERSTONE BAPT CH,Attorney General,,REP,0,Unverified Candidate 1
Tuscaloosa,0038 CORNERSTONE BAPT CH,Attorney General,,REP,4,Unverified Candidate 2
Tuscaloosa,0038 CORNERSTONE BAPT CH,Attorney General,,REP,2,Unverified Candidate 3
Tuscaloosa,0038 CORNERSTONE BAPT CH,Attorney General,,REP,1,Unverified Candidate 4
Tuscaloosa,0038 CORNERSTONE BAPT CH,Attorney General,,REP,5,Unverified Candidate 5
Tuscaloosa,0038 CORNERSTONE BAPT CH,Attorney General,,REP,0,Unverified Candidate 6
Tuscaloosa,0038 CORNERSTONE BAPT CH,Attorney General,,REP,2,Unverified Candidate 7
Tuscaloosa,0038 CORNERSTONE BAPT CH,Attorney General,,REP,3,Unverified Candidate 8
Tuscaloosa,0038 CORNERSTONE BAPT CH,Tuscaloosa County Sheriff,,REP,0,Unverified Candidate 1
Tuscaloosa,0038 CORNERSTONE BAPT CH,Tuscaloosa County Sheriff,,REP,0,Unverified Candidate 2
Tuscaloosa,0038 CORNERSTONE BAPT CH,Tuscaloosa County Sheriff,,REP,0,Unverified Candidate 3
Tuscaloosa,0038 CORNERSTONE BAPT CH,Tuscaloosa County Sheriff,,REP,1,Unverified Candidate 4
Tuscaloosa,0038 CORNERSTONE BAPT CH,Tuscaloosa County Sheriff,,REP,4,Unverified Candidate 5
Tuscaloosa,0038 CORNERSTONE BAPT CH,Tuscaloosa County Sheriff,,REP,1,Unverified Candidate 6
Tuscaloosa,0038 CORNERSTONE BAPT CH,Tuscaloosa County Sheriff,,REP,0,Unverified Candidate 7
Tuscaloosa,0039 FOREST LAKE METHODI,Attorney General,,REP,6,Unverified Candidate 1
Tuscaloosa,0039 FOREST LAKE METHODI,Attorney General,,REP,17,Unverified Candidate 2
Tuscaloosa,0039 FOREST LAKE METHODI,Attorney General,,REP,15,Unverified Candidate 3
Tuscaloosa,0039 FOREST LAKE METHODI,Attorney General,,REP,23,Unverified Candidate 4
Tuscaloosa,0039 FOREST LAKE METHODI,Attorney General,,REP,9,Unverified Candidate 5
Tuscaloosa,0039 FOREST LAKE METHODI,Attorney General,,REP,4,Unverified Candidate 6
Tuscaloosa,0039 FOREST LAKE METHODI,Attorney General,,REP,31,Unverified Candidate 7
Tuscaloosa,0039 FOREST LAKE METHODI,Attorney General,,REP,8,Unverified Candidate 8
Tuscaloosa,0039 FOREST LAKE METHODI,Tuscaloosa County Sheriff,,REP,3,Unverified Candidate 1
Tuscaloosa,0039 FOREST LAKE METHODI,Tuscaloosa County Sheriff,,REP,3,Unverified Candidate 2
Tuscaloosa,0039 FOREST LAKE METHODI,Tuscaloosa County Sheriff,,REP,7,Unverified Candidate 3
Tuscaloosa,0039 FOREST LAKE METHODI,Tuscaloosa County Sheriff,,REP,11,Unverified Candidate 4
Tuscaloosa,0039 FOREST LAKE METHODI,Tuscaloosa County Sheriff,,REP,15,Unverified Candidate 5
Tuscaloosa,0039 FOREST LAKE METHODI,Tuscaloosa County Sheriff,,REP,0,Unverified Candidate 6
Tuscaloosa,0040 UNIVERSITY MALL,Attorney General,,REP,30,Unverified Candidate 1
Tuscaloosa,0040 UNIVERSITY MALL,Attorney General,,REP,50,Unverified Candidate 2
Tuscaloosa,0040 UNIVERSITY MALL,Attorney General,,REP,75,Unverified Candidate 3
Tuscaloosa,0040 UNIVERSITY MALL,Attorney General,,REP,95,Unverified Candidate 4
Tuscaloosa,0040 UNIVERSITY MALL,Attorney General,,REP,32,Unverified Candidate 5
Tuscaloosa,0040 UNIVERSITY MALL,Attorney General,,REP,18,Unverified Candidate 6
Tuscaloosa,0040 UNIVERSITY MALL,Attorney General,,REP,108,Unverified Candidate 7
Tuscaloosa,0040 UNIVERSITY MALL,Attorney General,,REP,45,Unverified Candidate 8
Tuscaloosa,0040 UNIVERSITY MALL,Tuscaloosa County Sheriff,,REP,3,Unverified Candidate 1
Tuscaloosa,0040 UNIVERSITY MALL,Tuscaloosa County Sheriff,,REP,7,Unverified Candidate 2
Tuscaloosa,0040 UNIVERSITY MALL,Tuscaloosa County Sheriff,,REP,51,Unverified Candidate 3
Tuscaloosa,0040 UNIVERSITY MALL,Tuscaloosa County Sheriff,,REP,47,Unverified Candidate 4
Tuscaloosa,0040 UNIVERSITY MALL,Tuscaloosa County Sheriff,,REP,42,Unverified Candidate 5
Tuscaloosa,0040 UNIVERSITY MALL,Tuscaloosa County Sheriff,,REP,4,Unverified Candidate 6
Tuscaloosa,0040 UNIVERSITY MALL,Tuscaloosa County Sheriff,,REP,5,Unverified Candidate 7
Tuscaloosa,0041 MCABEE CTR,Attorney General,,REP,49,Unverified Candidate 1
Tuscaloosa,0041 MCABEE CTR,Attorney General,,REP,65,Unverified Candidate 2
Tuscaloosa,0041 MCABEE CTR,Attorney General,,REP,93,Unverified Candidate 3
Tuscaloosa,0041 MCABEE CTR,Attorney General,,REP,137,Unverified Candidate 4
Tuscaloosa,0041 MCABEE CTR,Attorney General,,REP,42,Unverified Candidate 5
Tuscaloosa,0041 MCABEE CTR,Attorney General,,REP,25,Unverified Candidate 6
Tuscaloosa,0041 MCABEE CTR,Attorney General,,REP,137,Unverified Candidate 7
Tuscaloosa,0041 MCABEE CTR,Attorney General,,REP,70,Unverified Candidate 8
Tuscaloosa,0041 MCABEE CTR,Tuscaloosa County Sheriff,,REP,5,Unverified Candidate 1
Tuscaloosa,0041 MCABEE CTR,Tuscaloosa County Sheriff,,REP,6,Unverified Candidate 2
Tuscaloosa,0041 MCABEE CTR,Tuscaloosa County Sheriff,,REP,74,Unverified Candidate 3
Tuscaloosa,0041 MCABEE CTR,Tuscaloosa County Sheriff,,REP,40,Unverified Candidate 4
Tuscaloosa,0041 MCABEE CTR,Tuscaloosa County Sheriff,,REP,73,Unverified Candidate 5
Tuscaloosa,0041 MCABEE CTR,Tuscaloosa County Sheriff,,REP,7,Unverified Candidate 6
Tuscaloosa,0041 MCABEE CTR,Tuscaloosa County Sheriff,,REP,7,Unverified Candidate 7
Tuscaloosa,0042 COMM CH COTTONDALE,Attorney General,,REP,41,Unverified Candidate 1
Tuscaloosa,0042 COMM CH COTTONDALE,Attorney General,,REP,83,Unverified Candidate 2
Tuscaloosa,0042 COMM CH COTTONDALE,Attorney General,,REP,128,Unverified Candidate 3
Tuscaloosa,0042 COMM CH COTTONDALE,Attorney General,,REP,173,Unverified Candidate 4
Tuscaloosa,0042 COMM CH COTTONDALE,Attorney General,,REP,41,Unverified Candidate 5
Tuscaloosa,0042 COMM CH COTTONDALE,Attorney General,,REP,24,Unverified Candidate 6
Tuscaloosa,0042 COMM CH COTTONDALE,Attorney General,,REP,179,Unverified Candidate 7
Tuscaloosa,0042 COMM CH COTTONDALE,Attorney General,,REP,70,Unverified Candidate 8
Tuscaloosa,0042 COMM CH COTTONDALE,Tuscaloosa County Sheriff,,REP,3,Unverified Candidate 1
Tuscaloosa,0042 COMM CH COTTONDALE,Tuscaloosa County Sheriff,,REP,2,Unverified Candidate 2
Tuscaloosa,0042 COMM CH COTTONDALE,Tuscaloosa County Sheriff,,REP,80,Unverified Candidate 3
Tuscaloosa,0042 COMM CH COTTONDALE,Tuscaloosa County Sheriff,,REP,96,Unverified Candidate 4
Tuscaloosa,0042 COMM CH COTTONDALE,Tuscaloosa County Sheriff,,REP,71,Unverified Candidate 5
Tuscaloosa,0042 COMM CH COTTONDALE,Tuscaloosa County Sheriff,,REP,5,Unverified Candidate 6
Tuscaloosa,0042 COMM CH COTTONDALE,Tuscaloosa County Sheriff,,REP,6,Unverified Candidate 7
Tuscaloosa,0043 COTTONDALE CH OF CH,Attorney General,,REP,34,Unverified Candidate 1
Tuscaloosa,0043 COTTONDALE CH OF CH,Attorney General,,REP,52,Unverified Candidate 2
Tuscaloosa,0043 COTTONDALE CH OF CH,Attorney General,,REP,58,Unverified Candidate 3
Tuscaloosa,0043 COTTONDALE CH OF CH,Attorney General,,REP,84,Unverified Candidate 4
Tuscaloosa,0043 COTTONDALE CH OF CH,Attorney General,,REP,34,Unverified Candidate 5
Tuscaloosa,0043 COTTONDALE CH OF CH,Attorney General,,REP,18,Unverified Candidate 6
Tuscaloosa,0043 COTTONDALE CH OF CH,Attorney General,,REP,94,Unverified Candidate 7
Tuscaloosa,0043 COTTONDALE CH OF CH,Attorney General,,REP,45,Unverified Candidate 8
Tuscaloosa,0043 COTTONDALE CH OF CH,Tuscaloosa County Sheriff,,REP,2,Unverified Candidate 2
Tuscaloosa,0043 COTTONDALE CH OF CH,Tuscaloosa County Sheriff,,REP,46,Unverified Candidate 3
Tuscaloosa,0043 COTTONDALE CH OF CH,Tuscaloosa County Sheriff,,REP,39,Unverified Candidate 4
Tuscaloosa,0043 COTTONDALE CH OF CH,Tuscaloosa County Sheriff,,REP,54,Unverified Candidate 5
Tuscaloosa,0043 COTTONDALE CH OF CH,Tuscaloosa County Sheriff,,REP,2,Unverified Candidate 6
Tuscaloosa,0043 COTTONDALE CH OF CH,Tuscaloosa County Sheriff,,REP,1,Unverified Candidate 7
Tuscaloosa,0044 BELK ACTIVITY CTR,Attorney General,,REP,68,Unverified Candidate 1
Tuscaloosa,0044 BELK ACTIVITY CTR,Attorney General,,REP,125,Unverified Candidate 2
Tuscaloosa,0044 BELK ACTIVITY CTR,Attorney General,,REP,176,Unverified Candidate 3
Tuscaloosa,0044 BELK ACTIVITY CTR,Attorney General,,REP,231,Unverified Candidate 4
Tuscaloosa,0044 BELK ACTIVITY CTR,Attorney General,,REP,78,Unverified Candidate 5
Tuscaloosa,0044 BELK ACTIVITY CTR,Attorney General,,REP,43,Unverified Candidate 6
Tuscaloosa,0044 BELK ACTIVITY CTR,Attorney General,,REP,254,Unverified Candidate 7
Tuscaloosa,0044 BELK ACTIVITY CTR,Attorney General,,REP,102,Unverified Candidate 8
Tuscaloosa,0044 BELK ACTIVITY CTR,Tuscaloosa County Sheriff,,REP,8,Unverified Candidate 1
Tuscaloosa,0044 BELK ACTIVITY CTR,Tuscaloosa County Sheriff,,REP,12,Unverified Candidate 2
Tuscaloosa,0044 BELK ACTIVITY CTR,Tuscaloosa County Sheriff,,REP,118,Unverified Candidate 3
Tuscaloosa,0044 BELK ACTIVITY CTR,Tuscaloosa County Sheriff,,REP,100,Unverified Candidate 4
Tuscaloosa,0044 BELK ACTIVITY CTR,Tuscaloosa County Sheriff,,REP,135,Unverified Candidate 5
Tuscaloosa,0044 BELK ACTIVITY CTR,Tuscaloosa County Sheriff,,REP,3,Unverified Candidate 6
Tuscaloosa,0044 BELK ACTIVITY CTR,Tuscaloosa County Sheriff,,REP,5,Unverified Candidate 7
Tuscaloosa,0045 GRACE PRESBYTERIAN,Attorney General,,REP,20,Unverified Candidate 1
Tuscaloosa,0045 GRACE PRESBYTERIAN,Attorney General,,REP,42,Unverified Candidate 2
Tuscaloosa,0045 GRACE PRESBYTERIAN,Attorney General,,REP,41,Unverified Candidate 3
Tuscaloosa,0045 GRACE PRESBYTERIAN,Attorney General,,REP,64,Unverified Candidate 4
Tuscaloosa,0045 GRACE PRESBYTERIAN,Attorney General,,REP,17,Unverified Candidate 5
Tuscaloosa,0045 GRACE PRESBYTERIAN,Attorney General,,REP,20,Unverified Candidate 6
Tuscaloosa,0045 GRACE PRESBYTERIAN,Attorney General,,REP,79,Unverified Candidate 7
Tuscaloosa,0045 GRACE PRESBYTERIAN,Attorney General,,REP,26,Unverified Candidate 8
Tuscaloosa,0045 GRACE PRESBYTERIAN,Tuscaloosa County Sheriff,,REP,6,Unverified Candidate 1
Tuscaloosa,0045 GRACE PRESBYTERIAN,Tuscaloosa County Sheriff,,REP,3,Unverified Candidate 2
Tuscaloosa,0045 GRACE PRESBYTERIAN,Tuscaloosa County Sheriff,,REP,33,Unverified Candidate 3
Tuscaloosa,0045 GRACE PRESBYTERIAN,Tuscaloosa County Sheriff,,REP,22,Unverified Candidate 4
Tuscaloosa,0045 GRACE PRESBYTERIAN,Tuscaloosa County Sheriff,,REP,37,Unverified Candidate 5
Tuscaloosa,0045 GRACE PRESBYTERIAN,Tuscaloosa County Sheriff,,REP,2,Unverified Candidate 6
Tuscaloosa,0045 GRACE PRESBYTERIAN,Tuscaloosa County Sheriff,,REP,3,Unverified Candidate 7
Tuscaloosa,0046 NEW LIFE BAPT CH,Attorney General,,REP,8,Unverified Candidate 1
Tuscaloosa,0046 NEW LIFE BAPT CH,Attorney General,,REP,13,Unverified Candidate 2
Tuscaloosa,0046 NEW LIFE BAPT CH,Attorney General,,REP,23,Unverified Candidate 3
Tuscaloosa,0046 NEW LIFE BAPT CH,Attorney General,,REP,25,Unverified Candidate 4
Tuscaloosa,0046 NEW LIFE BAPT CH,Attorney General,,REP,13,Unverified Candidate 5
Tuscaloosa,0046 NEW LIFE BAPT CH,Attorney General,,REP,4,Unverified Candidate 6
Tuscaloosa,0046 NEW LIFE BAPT CH,Attorney General,,REP,33,Unverified Candidate 7
Tuscaloosa,0046 NEW LIFE BAPT CH,Attorney General,,REP,9,Unverified Candidate 8
Tuscaloosa,0046 NEW LIFE BAPT CH,Tuscaloosa County Sheriff,,REP,3,Unverified Candidate 1
Tuscaloosa,0046 NEW LIFE BAPT CH,Tuscaloosa County Sheriff,,REP,2,Unverified Candidate 2
Tuscaloosa,0046 NEW LIFE BAPT CH,Tuscaloosa County Sheriff,,REP,7,Unverified Candidate 3
Tuscaloosa,0046 NEW LIFE BAPT CH,Tuscaloosa County Sheriff,,REP,11,Unverified Candidate 4
Tuscaloosa,0046 NEW LIFE BAPT CH,Tuscaloosa County Sheriff,,REP,19,Unverified Candidate 5
Tuscaloosa,0046 NEW LIFE BAPT CH,Tuscaloosa County Sheriff,,REP,1,Unverified Candidate 6
Tuscaloosa,0046 NEW LIFE BAPT CH,Tuscaloosa County Sheriff,,REP,1,Unverified Candidate 7
Tuscaloosa,0047 BOBBY MILLER ACTIVI,Attorney General,,REP,97,Unverified Candidate 1
Tuscaloosa,0047 BOBBY MILLER ACTIVI,Attorney General,,REP,230,Unverified Candidate 2
Tuscaloosa,0047 BOBBY MILLER ACTIVI,Attorney General,,REP,325,Unverified Candidate 3
Tuscaloosa,0047 BOBBY MILLER ACTIVI,Attorney General,,REP,420,Unverified Candidate 4
Tuscaloosa,0047 BOBBY MILLER ACTIVI,Attorney General,,REP,160,Unverified Candidate 5
Tuscaloosa,0047 BOBBY MILLER ACTIVI,Attorney General,,REP,48,Unverified Candidate 6
Tuscaloosa,0047 BOBBY MILLER ACTIVI,Attorney General,,REP,477,Unverified Candidate 7
Tuscaloosa,0047 BOBBY MILLER ACTIVI,Attorney General,,REP,167,Unverified Candidate 8
Tuscaloosa,0047 BOBBY MILLER ACTIVI,Tuscaloosa County Sheriff,,REP,13,Unverified Candidate 1
Tuscaloosa,0047 BOBBY MILLER ACTIVI,Tuscaloosa County Sheriff,,REP,14,Unverified Candidate 2
Tuscaloosa,0047 BOBBY MILLER ACTIVI,Tuscaloosa County Sheriff,,REP,216,Unverified Candidate 3
Tuscaloosa,0047 BOBBY MILLER ACTIVI,Tuscaloosa County Sheriff,,REP,187,Unverified Candidate 4
Tuscaloosa,0047 BOBBY MILLER ACTIVI,Tuscaloosa County Sheriff,,REP,226,Unverified Candidate 5
Tuscaloosa,0047 BOBBY MILLER ACTIVI,Tuscaloosa County Sheriff,,REP,3,Unverified Candidate 6
Tuscaloosa,0047 BOBBY MILLER ACTIVI,Tuscaloosa County Sheriff,,REP,14,Unverified Candidate 7
Tuscaloosa,0047 BOBBY MILLER ACTIVI,U.S. House,4.0,REP,93,Unverified Candidate 1
Tuscaloosa,0047 BOBBY MILLER ACTIVI,U.S. House,4.0,REP,21,Unverified Candidate 2
Tuscaloosa,0048 DUNCANVILLE MIDDLE,Attorney General,,REP,62,Unverified Candidate 1
Tuscaloosa,0048 DUNCANVILLE MIDDLE,Attorney General,,REP,133,Unverified Candidate 2
Tuscaloosa,0048 DUNCANVILLE MIDDLE,Attorney General,,REP,166,Unverified Candidate 3
Tuscaloosa,0048 DUNCANVILLE MIDDLE,Attorney General,,REP,246,Unverified Candidate 4
Tuscaloosa,0048 DUNCANVILLE MIDDLE,Attorney General,,REP,59,Unverified Candidate 5
Tuscaloosa,0048 DUNCANVILLE MIDDLE,Attorney General,,REP,39,Unverified Candidate 6
Tuscaloosa,0048 DUNCANVILLE MIDDLE,Attorney General,,REP,261,Unverified Candidate 7
Tuscaloosa,0048 DUNCANVILLE MIDDLE,Attorney General,,REP,92,Unverified Candidate 8
Tuscaloosa,0048 DUNCANVILLE MIDDLE,Tuscaloosa County Sheriff,,REP,12,Unverified Candidate 1
Tuscaloosa,0048 DUNCANVILLE MIDDLE,Tuscaloosa County Sheriff,,REP,5,Unverified Candidate 2
Tuscaloosa,0048 DUNCANVILLE MIDDLE,Tuscaloosa County Sheriff,,REP,112,Unverified Candidate 3
Tuscaloosa,0048 DUNCANVILLE MIDDLE,Tuscaloosa County Sheriff,,REP,100,Unverified Candidate 4
Tuscaloosa,0048 DUNCANVILLE MIDDLE,Tuscaloosa County Sheriff,,REP,120,Unverified Candidate 5
Tuscaloosa,0048 DUNCANVILLE MIDDLE,Tuscaloosa County Sheriff,,REP,3,Unverified Candidate 6
Tuscaloosa,0048 DUNCANVILLE MIDDLE,Tuscaloosa County Sheriff,,REP,8,Unverified Candidate 7
Tuscaloosa,0049 COALING TOWN HALL,Attorney General,,REP,60,Unverified Candidate 1
Tuscaloosa,0049 COALING TOWN HALL,Attorney General,,REP,109,Unverified Candidate 2
Tuscaloosa,0049 COALING TOWN HALL,Attorney General,,REP,143,Unverified Candidate 3
Tuscaloosa,0049 COALING TOWN HALL,Attorney General,,REP,218,Unverified Candidate 4
Tuscaloosa,0049 COALING TOWN HALL,Attorney General,,REP,66,Unverified Candidate 5
Tuscaloosa,0049 COALING TOWN HALL,Attorney General,,REP,19,Unverified Candidate 6
Tuscaloosa,0049 COALING TOWN HALL,Attorney General,,REP,222,Unverified Candidate 7
Tuscaloosa,0049 COALING TOWN HALL,Attorney General,,REP,90,Unverified Candidate 8
Tuscaloosa,0049 COALING TOWN HALL,Tuscaloosa County Sheriff,,REP,2,Unverified Candidate 1
Tuscaloosa,0049 COALING TOWN HALL,Tuscaloosa County Sheriff,,REP,2,Unverified Candidate 2
Tuscaloosa,0049 COALING TOWN HALL,Tuscaloosa County Sheriff,,REP,132,Unverified Candidate 3
Tuscaloosa,0049 COALING TOWN HALL,Tuscaloosa County Sheriff,,REP,90,Unverified Candidate 4
Tuscaloosa,0049 COALING TOWN HALL,Tuscaloosa County Sheriff,,REP,96,Unverified Candidate 5
Tuscaloosa,0049 COALING TOWN HALL,Tuscaloosa County Sheriff,,REP,3,Unverified Candidate 6
Tuscaloosa,0049 COALING TOWN HALL,Tuscaloosa County Sheriff,,REP,4,Unverified Candidate 7
Tuscaloosa,0050 VANCE ACTIVITY BLDG,Attorney General,,REP,49,Unverified Candidate 1
Tuscaloosa,0050 VANCE ACTIVITY BLDG,Attorney General,,REP,95,Unverified Candidate 2
Tuscaloosa,0050 VANCE ACTIVITY BLDG,Attorney General,,REP,101,Unverified Candidate 3
Tuscaloosa,0050 VANCE ACTIVITY BLDG,Attorney General,,REP,151,Unverified Candidate 4
Tuscaloosa,0050 VANCE ACTIVITY BLDG,Attorney General,,REP,57,Unverified Candidate 5
Tuscaloosa,0050 VANCE ACTIVITY BLDG,Attorney General,,REP,26,Unverified Candidate 6
Tuscaloosa,0050 VANCE ACTIVITY BLDG,Attorney General,,REP,171,Unverified Candidate 7
Tuscaloosa,0050 VANCE ACTIVITY BLDG,Attorney General,,REP,69,Unverified Candidate 8
Tuscaloosa,0050 VANCE ACTIVITY BLDG,Tuscaloosa County Sheriff,,REP,2,Unverified Candidate 1
Tuscaloosa,0050 VANCE ACTIVITY BLDG,Tuscaloosa County Sheriff,,REP,1,Unverified Candidate 2
Tuscaloosa,0050 VANCE ACTIVITY BLDG,Tuscaloosa County Sheriff,,REP,88,Unverified Candidate 3
Tuscaloosa,0050 VANCE ACTIVITY BLDG,Tuscaloosa County Sheriff,,REP,70,Unverified Candidate 4
Tuscaloosa,0050 VANCE ACTIVITY BLDG,Tuscaloosa County Sheriff,,REP,84,Unverified Candidate 5
Tuscaloosa,0050 VANCE ACTIVITY BLDG,Tuscaloosa County Sheriff,,REP,2,Unverified Candidate 6
Tuscaloosa,0050 VANCE ACTIVITY BLDG,Tuscaloosa County Sheriff,,REP,6,Unverified Candidate 7
Tuscaloosa,0051 HAGLER COMM CTR,Tuscaloosa County Sheriff,,REP,1,Unverified Candidate 1
Tuscaloosa,0051 HAGLER COMM CTR,Tuscaloosa County Sheriff,,REP,2,Unverified Candidate 2
Tuscaloosa,0051 HAGLER COMM CTR,Tuscaloosa County Sheriff,,REP,28,Unverified Candidate 3
Tuscaloosa,0051 HAGLER COMM CTR,Tuscaloosa County Sheriff,,REP,18,Unverified Candidate 4
Tuscaloosa,0051 HAGLER COMM CTR,Tuscaloosa County Sheriff,,REP,22,Unverified Candidate 5
Tuscaloosa,0051 HAGLER COMM CTR,Tuscaloosa County Sheriff,,REP,1,Unverified Candidate 6
Tuscaloosa,0051 HAGLER COMM CTR,Tuscaloosa County Sheriff,,REP,1,Unverified Candidate 7
Tuscaloosa,0052 COVENANT CHURCH,Governor,,REP,26,Unverified Candidate 1
Tuscaloosa,0052 COVENANT CHURCH,Governor,,REP,28,Unverified Candidate 2
Tuscaloosa,0052 COVENANT CHURCH,Governor,,REP,364,Unverified Candidate 3
Tuscaloosa,0052 COVENANT CHURCH,Tuscaloosa County Sheriff,,REP,9,Unverified Candidate 1
Tuscaloosa,0052 COVENANT CHURCH,Tuscaloosa County Sheriff,,REP,10,Unverified Candidate 2
Tuscaloosa,0052 COVENANT CHURCH,Tuscaloosa County Sheriff,,REP,162,Unverified Candidate 3
Tuscaloosa,0052 COVENANT CHURCH,Tuscaloosa County Sheriff,,REP,109,Unverified Candidate 4
Tuscaloosa,0052 COVENANT CHURCH,Tuscaloosa County Sheriff,,REP,112,Unverified Candidate 5
Tuscaloosa,0052 COVENANT CHURCH,Tuscaloosa County Sheriff,,REP,4,Unverified Candidate 6
Tuscaloosa,0052 COVENANT CHURCH,Tuscaloosa County Sheriff,,REP,9,Unverified Candidate 7
Tuscaloosa,0052 COVENANT CHURCH,U.S. House,4.0,REP,1,Unverified Candidate 1
Tuscaloosa,0052 COVENANT CHURCH,U.S. House,4.0,REP,0,Unverified Candidate 2
Tuscaloosa,0053 FOSTERS FIRE DEPT,Governor,,REP,15,Unverified Candidate 1
Tuscaloosa,0053 FOSTERS FIRE DEPT,Governor,,REP,10,Unverified Candidate 2
Tuscaloosa,0053 FOSTERS FIRE DEPT,Governor,,REP,178,Unverified Candidate 3
Tuscaloosa,0053 FOSTERS FIRE DEPT,Tuscaloosa County Sheriff,,REP,4,Unverified Candidate 1
Tuscaloosa,0053 FOSTERS FIRE DEPT,Tuscaloosa County Sheriff,,REP,1,Unverified Candidate 2
Tuscaloosa,0053 FOSTERS FIRE DEPT,Tuscaloosa County Sheriff,,REP,64,Unverified Candidate 3
Tuscaloosa,0053 FOSTERS FIRE DEPT,Tuscaloosa County Sheriff,,REP,24,Unverified Candidate 4
Tuscaloosa,0053 FOSTERS FIRE DEPT,Tuscaloosa County Sheriff,,REP,106,Unverified Candidate 5
Tuscaloosa,0053 FOSTERS FIRE DEPT,Tuscaloosa County Sheriff,,REP,3,Unverified Candidate 6
Tuscaloosa,0053 FOSTERS FIRE DEPT,Tuscaloosa County Sheriff,,REP,3,Unverified Candidate 7
Tuscaloosa,0053 FOSTERS FIRE DEPT,U.S. House,4.0,REP,151,Unverified Candidate 1
Tuscaloosa,0053 FOSTERS FIRE DEPT,U.S. House,4.0,REP,38,Unverified Candidate 2
Tuscaloosa,0054 WESLEY METHODIST CH,Governor,,REP,14,Unverified Candidate 1
Tuscaloosa,0054 WESLEY METHODIST CH,Governor,,REP,2,Unverified Candidate 2
Tuscaloosa,0054 WESLEY METHODIST CH,Governor,,REP,116,Unverified Candidate 3
Tuscaloosa,0054 WESLEY METHODIST CH,U.S. House,4.0,REP,102,Unverified Candidate 1
Tuscaloosa,0054 WESLEY METHODIST CH,U.S. House,4.0,REP,18,Unverified Candidate 2
Tuscaloosa,0060 ABSENTEE,Governor,,REP,15,Unverified Candidate 1
Tuscaloosa,0060 ABSENTEE,Governor,,REP,7,Unverified Candidate 2
Tuscaloosa,0060 ABSENTEE,Governor,,REP,178,Unverified Candidate 3
Tuscaloosa,0060 ABSENTEE,U.S. House,4.0,REP,106,Unverified Candidate 1
Tuscaloosa,0060 ABSENTEE,U.S. House,4.0,REP,20,Unverified Candidate 2
Tuscaloosa,0061 PROVISIONAL,Governor,,REP,0,Unverified Candidate 1
Tuscaloosa,0061 PROVISIONAL,Governor,,REP,0,Unverified Candidate 2
Tuscaloosa,0061 PROVISIONAL,Governor,,REP,0,Unverified Candidate 3
Tuscaloosa,0061 PROVISIONAL,U.S. House,4.0,REP,0,Unverified Candidate 1
Tuscaloosa,0061 PROVISIONAL,U.S. House,4.0,REP,0,Unverified Candidate 2
Tuscaloosa,1055,Lieutenant Governor,,REP,3,Unverified Candidate 1
Tuscaloosa,1055,Lieutenant Governor,,REP,1,Unverified Candidate 2
Tuscaloosa,1055,Lieutenant Governor,,REP,12,Unverified Candidate 3
Tuscaloosa,1055,Lieutenant Governor,,REP,2,Unverified Candidate 4
Tuscaloosa,1055,Lieutenant Governor,,REP,4,Unverified Candidate 5
Tuscaloosa,1068,Lieutenant Governor,,REP,1,Unverified Candidate 1
Tuscaloosa,1068,Lieutenant Governor,,REP,1,Unverified Candidate 2
Tuscaloosa,1068,Lieutenant Governor,,REP,3,Unverified Candidate 3
Tuscaloosa,1068,Lieutenant Governor,,REP,0,Unverified Candidate 4
Tuscaloosa,1068,Lieutenant Governor,,REP,5,Unverified Candidate 5
Tuscaloosa,1076 5,Lieutenant Governor,,REP,12,Unverified Candidate 1
Tuscaloosa,1076 5,Lieutenant Governor,,REP,8,Unverified Candidate 2
Tuscaloosa,1076 5,Lieutenant Governor,,REP,23,Unverified Candidate 3
Tuscaloosa,1076 5,Lieutenant Governor,,REP,3,Unverified Candidate 4
Tuscaloosa,1076 5,Lieutenant Governor,,REP,28,Unverified Candidate 5
Tuscaloosa,1088,Lieutenant Governor,,REP,2,Unverified Candidate 1
Tuscaloosa,1088,Lieutenant Governor,,REP,1,Unverified Candidate 2
Tuscaloosa,1088,Lieutenant Governor,,REP,6,Unverified Candidate 3
Tuscaloosa,1088,Lieutenant Governor,,REP,3,Unverified Candidate 4
Tuscaloosa,1088,Lieutenant Governor,,REP,7,Unverified Candidate 5
Tuscaloosa,1194,Lieutenant Governor,,REP,1,Unverified Candidate 1
Tuscaloosa,1194,Lieutenant Governor,,REP,1,Unverified Candidate 2
Tuscaloosa,1194,Lieutenant Governor,,REP,2,Unverified Candidate 3
Tuscaloosa,1194,Lieutenant Governor,,REP,4,Unverified Candidate 4
Tuscaloosa,1194,Lieutenant Governor,,REP,1,Unverified Candidate 5
Tuscaloosa,1275,Lieutenant Governor,,REP,0,Unverified Candidate 1
Tuscaloosa,1275,Lieutenant Governor,,REP,2,Unverified Candidate 2
Tuscaloosa,1275,Lieutenant Governor,,REP,1,Unverified Candidate 3
Tuscaloosa,1275,Lieutenant Governor,,REP,0,Unverified Candidate 4
Tuscaloosa,1275,Lieutenant Governor,,REP,3,Unverified Candidate 5
Tuscaloosa,1456,Lieutenant Governor,,REP,6,Unverified Candidate 1
Tuscaloosa,1456,Lieutenant Governor,,REP,0,Unverified Candidate 2
Tuscaloosa,1456,Lieutenant Governor,,REP,1,Unverified Candidate 3
Tuscaloosa,1456,Lieutenant Governor,,REP,0,Unverified Candidate 4
Tuscaloosa,1456,Lieutenant Governor,,REP,3,Unverified Candidate 5
Tuscaloosa,1457 53,Governor,,REP,508,Unverified Candidate 1
Tuscaloosa,1457 53,Governor,,REP,10876,Unverified Candidate 2
Tuscaloosa,1487,Lieutenant Governor,,REP,3,Unverified Candidate 1
Tuscaloosa,1487,Lieutenant Governor,,REP,1,Unverified Candidate 2
Tuscaloosa,1487,Lieutenant Governor,,REP,11,Unverified Candidate 3
Tuscaloosa,1487,Lieutenant Governor,,REP,3,Unverified Candidate 4
Tuscaloosa,1487,Lieutenant Governor,,REP,9,Unverified Candidate 5
Tuscaloosa,1521,Lieutenant Governor,,REP,3,Unverified Candidate 1
Tuscaloosa,1521,Lieutenant Governor,,REP,3,Unverified Candidate 2
Tuscaloosa,1521,Lieutenant Governor,,REP,11,Unverified Candidate 3
Tuscaloosa,1521,Lieutenant Governor,,REP,0,Unverified Candidate 4
Tuscaloosa,1521,Lieutenant Governor,,REP,12,Unverified Candidate 5
Tuscaloosa,1540,Lieutenant Governor,,REP,2,Unverified Candidate 1
Tuscaloosa,1540,Lieutenant Governor,,REP,1,Unverified Candidate 2
Tuscaloosa,1540,Lieutenant Governor,,REP,12,Unverified Candidate 3
Tuscaloosa,1540,Lieutenant Governor,,REP,1,Unverified Candidate 4
Tuscaloosa,1540,Lieutenant Governor,,REP,9,Unverified Candidate 5
Tuscaloosa,1615,Lieutenant Governor,,REP,1,Unverified Candidate 1
Tuscaloosa,1615,Lieutenant Governor,,REP,3,Unverified Candidate 2
Tuscaloosa,1615,Lieutenant Governor,,REP,10,Unverified Candidate 3
Tuscaloosa,1615,Lieutenant Governor,,REP,1,Unverified Candidate 4
Tuscaloosa,1615,Lieutenant Governor,,REP,8,Unverified Candidate 5
Tuscaloosa,1788,Lieutenant Governor,,REP,2,Unverified Candidate 1
Tuscaloosa,1788,Lieutenant Governor,,REP,1,Unverified Candidate 2
Tuscaloosa,1788,Lieutenant Governor,,REP,6,Unverified Candidate 3
Tuscaloosa,1788,Lieutenant Governor,,REP,4,Unverified Candidate 4
Tuscaloosa,1788,Lieutenant Governor,,REP,4,Unverified Candidate 5
Tuscaloosa,1955,Lieutenant Governor,,REP,4,Unverified Candidate 1
Tuscaloosa,1955,Lieutenant Governor,,REP,1,Unverified Candidate 2
Tuscaloosa,1955,Lieutenant Governor,,REP,12,Unverified Candidate 3
Tuscaloosa,1955,Lieutenant Governor,,REP,4,Unverified Candidate 4
Tuscaloosa,1955,Lieutenant Governor,,REP,5,Unverified Candidate 5
Tuscaloosa,2061,Lieutenant Governor,,REP,2,Unverified Candidate 1
Tuscaloosa,2061,Lieutenant Governor,,REP,2,Unverified Candidate 2
Tuscaloosa,2061,Lieutenant Governor,,REP,6,Unverified Candidate 3
Tuscaloosa,2061,Lieutenant Governor,,REP,0,Unverified Candidate 4
Tuscaloosa,2061,Lieutenant Governor,,REP,14,Unverified Candidate 5
Tuscaloosa,2336,Lieutenant Governor,,REP,0,Unverified Candidate 1
Tuscaloosa,2336,Lieutenant Governor,,REP,0,Unverified Candidate 2
Tuscaloosa,2336,Lieutenant Governor,,REP,0,Unverified Candidate 3
Tuscaloosa,2336,Lieutenant Governor,,REP,0,Unverified Candidate 4
Tuscaloosa,2336,Lieutenant Governor,,REP,1,Unverified Candidate 5
Tuscaloosa,2431,Lieutenant Governor,,REP,9,Unverified Candidate 1
Tuscaloosa,2431,Lieutenant Governor,,REP,4,Unverified Candidate 2
Tuscaloosa,2431,Lieutenant Governor,,REP,15,Unverified Candidate 3
Tuscaloosa,2431,Lieutenant Governor,,REP,2,Unverified Candidate 4
Tuscaloosa,2431,Lieutenant Governor,,REP,7,Unverified Candidate 5
Tuscaloosa,2433,Lieutenant Governor,,REP,1,Unverified Candidate 1
Tuscaloosa,2433,Lieutenant Governor,,REP,2,Unverified Candidate 2
Tuscaloosa,2433,Lieutenant Governor,,REP,6,Unverified Candidate 3
Tuscaloosa,2433,Lieutenant Governor,,REP,4,Unverified Candidate 4
Tuscaloosa,2433,Lieutenant Governor,,REP,8,Unverified Candidate 5
Tuscaloosa,2498,Lieutenant Governor,,REP,5,Unverified Candidate 1
Tuscaloosa,2498,Lieutenant Governor,,REP,1,Unverified Candidate 2
Tuscaloosa,2498,Lieutenant Governor,,REP,10,Unverified Candidate 3
Tuscaloosa,2498,Lieutenant Governor,,REP,2,Unverified Candidate 4
Tuscaloosa,2498,Lieutenant Governor,,REP,2,Unverified Candidate 5
Tuscaloosa,2555,Lieutenant Governor,,REP,6,Unverified Candidate 1
Tuscaloosa,2555,Lieutenant Governor,,REP,3,Unverified Candidate 2
Tuscaloosa,2555,Lieutenant Governor,,REP,10,Unverified Candidate 3
Tuscaloosa,2555,Lieutenant Governor,,REP,2,Unverified Candidate 4
Tuscaloosa,2555,Lieutenant Governor,,REP,3,Unverified Candidate 5
Tuscaloosa,2682,Lieutenant Governor,,REP,0,Unverified Candidate 1
Tuscaloosa,2682,Lieutenant Governor,,REP,1,Unverified Candidate 2
Tuscaloosa,2682,Lieutenant Governor,,REP,3,Unverified Candidate 3
Tuscaloosa,2682,Lieutenant Governor,,REP,1,Unverified Candidate 4
Tuscaloosa,2682,Lieutenant Governor,,REP,1,Unverified Candidate 5
Tuscaloosa,2945,Lieutenant Governor,,REP,17,Unverified Candidate 1
Tuscaloosa,2945,Lieutenant Governor,,REP,4,Unverified Candidate 2
Tuscaloosa,2945,Lieutenant Governor,,REP,15,Unverified Candidate 3
Tuscaloosa,2945,Lieutenant Governor,,REP,14,Unverified Candidate 4
Tuscaloosa,2945,Lieutenant Governor,,REP,10,Unverified Candidate 5
Tuscaloosa,3031,Lieutenant Governor,,REP,5,Unverified Candidate 1
Tuscaloosa,3031,Lieutenant Governor,,REP,0,Unverified Candidate 2
Tuscaloosa,3031,Lieutenant Governor,,REP,9,Unverified Candidate 3
Tuscaloosa,3031,Lieutenant Governor,,REP,1,Unverified Candidate 4
Tuscaloosa,3031,Lieutenant Governor,,REP,12,Unverified Candidate 5
Tuscaloosa,3099,Lieutenant Governor,,REP,6,Unverified Candidate 1
Tuscaloosa,3099,Lieutenant Governor,,REP,1,Unverified Candidate 2
Tuscaloosa,3099,Lieutenant Governor,,REP,7,Unverified Candidate 3
Tuscaloosa,3099,Lieutenant Governor,,REP,4,Unverified Candidate 4
Tuscaloosa,3099,Lieutenant Governor,,REP,13,Unverified Candidate 5
Tuscaloosa,3165,Lieutenant Governor,,REP,3,Unverified Candidate 1
Tuscaloosa,3165,Lieutenant Governor,,REP,1,Unverified Candidate 2
Tuscaloosa,3165,Lieutenant Governor,,REP,7,Unverified Candidate 3
Tuscaloosa,3165,Lieutenant Governor,,REP,1,Unverified Candidate 4
Tuscaloosa,3165,Lieutenant Governor,,REP,8,Unverified Candidate 5
Tuscaloosa,3342,Lieutenant Governor,,REP,4,Unverified Candidate 1
Tuscaloosa,3342,Lieutenant Governor,,REP,2,Unverified Candidate 2
Tuscaloosa,3342,Lieutenant Governor,,REP,19,Unverified Candidate 3
Tuscaloosa,3342,Lieutenant Governor,,REP,5,Unverified Candidate 4
Tuscaloosa,3342,Lieutenant Governor,,REP,11,Unverified Candidate 5
Tuscaloosa,3483,Lieutenant Governor,,REP,9,Unverified Candidate 1
Tuscaloosa,3483,Lieutenant Governor,,REP,3,Unverified Candidate 2
Tuscaloosa,3483,Lieutenant Governor,,REP,8,Unverified Candidate 3
Tuscaloosa,3483,Lieutenant Governor,,REP,7,Unverified Candidate 4
Tuscaloosa,3483,Lieutenant Governor,,REP,15,Unverified Candidate 5
Tuscaloosa,3486,Lieutenant Governor,,REP,0,Unverified Candidate 1
Tuscaloosa,3486,Lieutenant Governor,,REP,0,Unverified Candidate 2
Tuscaloosa,3486,Lieutenant Governor,,REP,0,Unverified Candidate 3
Tuscaloosa,3486,Lieutenant Governor,,REP,0,Unverified Candidate 4
Tuscaloosa,3486,Lieutenant Governor,,REP,0,Unverified Candidate 5
Tuscaloosa,3500,Lieutenant Governor,,REP,4,Unverified Candidate 1
Tuscaloosa,3500,Lieutenant Governor,,REP,0,Unverified Candidate 2
Tuscaloosa,3500,Lieutenant Governor,,REP,5,Unverified Candidate 3
Tuscaloosa,3500,Lieutenant Governor,,REP,2,Unverified Candidate 4
Tuscaloosa,3500,Lieutenant Governor,,REP,2,Unverified Candidate 5
Tuscaloosa,3743,Lieutenant Governor,,REP,1,Unverified Candidate 1
Tuscaloosa,3743,Lieutenant Governor,,REP,1,Unverified Candidate 2
Tuscaloosa,3743,Lieutenant Governor,,REP,1,Unverified Candidate 3
Tuscaloosa,3743,Lieutenant Governor,,REP,0,Unverified Candidate 4
Tuscaloosa,3743,Lieutenant Governor,,REP,0,Unverified Candidate 5
Tuscaloosa,3909,Lieutenant Governor,,REP,9,Unverified Candidate 1
Tuscaloosa,3909,Lieutenant Governor,,REP,7,Unverified Candidate 2
Tuscaloosa,3909,Lieutenant Governor,,REP,17,Unverified Candidate 3
Tuscaloosa,3909,Lieutenant Governor,,REP,5,Unverified Candidate 4
Tuscaloosa,3909,Lieutenant Governor,,REP,24,Unverified Candidate 5
Tuscaloosa,3921,Lieutenant Governor,,REP,13,Unverified Candidate 1
Tuscaloosa,3921,Lieutenant Governor,,REP,3,Unverified Candidate 2
Tuscaloosa,3921,Lieutenant Governor,,REP,20,Unverified Candidate 3
Tuscaloosa,3921,Lieutenant Governor,,REP,8,Unverified Candidate 4
Tuscaloosa,3921,Lieutenant Governor,,REP,23,Unverified Candidate 5
Tuscaloosa,4029,Lieutenant Governor,,REP,14,Unverified Candidate 1
Tuscaloosa,4029,Lieutenant Governor,,REP,7,Unverified Candidate 2
Tuscaloosa,4029,Lieutenant Governor,,REP,31,Unverified Candidate 3
Tuscaloosa,4029,Lieutenant Governor,,REP,12,Unverified Candidate 4
Tuscaloosa,4029,Lieutenant Governor,,REP,18,Unverified Candidate 5
Tuscaloosa,4670,Lieutenant Governor,,REP,1,Unverified Candidate 1
Tuscaloosa,4670,Lieutenant Governor,,REP,0,Unverified Candidate 2
Tuscaloosa,4670,Lieutenant Governor,,REP,0,Unverified Candidate 3
Tuscaloosa,4670,Lieutenant Governor,,REP,0,Unverified Candidate 4
Tuscaloosa,4670,Lieutenant Governor,,REP,0,Unverified Candidate 5
Tuscaloosa,4711,Lieutenant Governor,,REP,4,Unverified Candidate 1
Tuscaloosa,4711,Lieutenant Governor,,REP,4,Unverified Candidate 2
Tuscaloosa,4711,Lieutenant Governor,,REP,9,Unverified Candidate 3
Tuscaloosa,4711,Lieutenant Governor,,REP,1,Unverified Candidate 4
Tuscaloosa,4711,Lieutenant Governor,,REP,6,Unverified Candidate 5
Tuscaloosa,5081,Lieutenant Governor,,REP,6,Unverified Candidate 1
Tuscaloosa,5081,Lieutenant Governor,,REP,5,Unverified Candidate 2
Tuscaloosa,5081,Lieutenant Governor,,REP,21,Unverified Candidate 3
Tuscaloosa,5081,Lieutenant Governor,,REP,8,Unverified Candidate 4
Tuscaloosa,5081,Lieutenant Governor,,REP,22,Unverified Candidate 5
Tuscaloosa,5381,Lieutenant Governor,,REP,5,Unverified Candidate 1
Tuscaloosa,5381,Lieutenant Governor,,REP,5,Unverified Candidate 2
Tuscaloosa,5381,Lieutenant Governor,,REP,22,Unverified Candidate 3
Tuscaloosa,5381,Lieutenant Governor,,REP,7,Unverified Candidate 4
Tuscaloosa,5381,Lieutenant Governor,,REP,12,Unverified Candidate 5
Tuscaloosa,5399,Lieutenant Governor,,REP,8,Unverified Candidate 1
Tuscaloosa,5399,Lieutenant Governor,,REP,1,Unverified Candidate 2
Tuscaloosa,5399,Lieutenant Governor,,REP,35,Unverified Candidate 3
Tuscaloosa,5399,Lieutenant Governor,,REP,10,Unverified Candidate 4
Tuscaloosa,5399,Lieutenant Governor,,REP,28,Unverified Candidate 5
Tuscaloosa,5760,Lieutenant Governor,,REP,15,Unverified Candidate 1
Tuscaloosa,5760,Lieutenant Governor,,REP,10,Unverified Candidate 2
Tuscaloosa,5760,Lieutenant Governor,,REP,65,Unverified Candidate 3
Tuscaloosa,5760,Lieutenant Governor,,REP,15,Unverified Candidate 4
Tuscaloosa,5760,Lieutenant Governor,,REP,41,Unverified Candidate 5
Tuscaloosa,6800,Lieutenant Governor,,REP,12,Unverified Candidate 1
Tuscaloosa,6800,Lieutenant Governor,,REP,8,Unverified Candidate 2
Tuscaloosa,6800,Lieutenant Governor,,REP,67,Unverified Candidate 3
Tuscaloosa,6800,Lieutenant Governor,,REP,13,Unverified Candidate 4
Tuscaloosa,6800,Lieutenant Governor,,REP,40,Unverified Candidate 5
Tuscaloosa,8568,Lieutenant Governor,,REP,7,Unverified Candidate 1
Tuscaloosa,8568,Lieutenant Governor,,REP,5,Unverified Candidate 2
Tuscaloosa,8568,Lieutenant Governor,,REP,20,Unverified Candidate 3
Tuscaloosa,8568,Lieutenant Governor,,REP,4,Unverified Candidate 4
Tuscaloosa,8568,Lieutenant Governor,,REP,17,Unverified Candidate 5
