county,precinct,office,district,party,candidate,votes
Russell,0001 MARTIN IDLE COMM CTR,Proposed Statewide Amendment 1,,,No,73
Russell,0001 MARTIN IDLE COMM CTR,Proposed Statewide Amendment 1,,,Yes,529
Russell,0001 MARTIN IDLE COMM CTR,Proposed Statewide Amendment 2,,,No,233
Russell,0001 MARTIN IDLE COMM CTR,Proposed Statewide Amendment 2,,,Yes,355
Russell,0001 MARTIN IDLE COMM CTR,Governor,,DEM,"Chad ""Chig"" Martin",3
Russell,0001 MARTIN IDLE COMM CTR,Governor,,DEM,Doug Jones,165
Russell,0001 MARTIN IDLE COMM CTR,Governor,,DEM,Jamel J. Brown,6
Russell,0001 MARTIN IDLE COMM CTR,Governor,,DEM,"Nathan ""Nate"" Mathis",5
Russell,0001 MARTIN IDLE COMM CTR,Governor,,DEM,Will Boyd,22
Russell,0001 MARTIN IDLE COMM CTR,Governor,,DEM,Yolanda Rochelle Flowers,35
Russell,0001 MARTIN IDLE COMM CTR,Lieutenant Governor,,DEM,Darryl D. Perryman,121
Russell,0001 MARTIN IDLE COMM CTR,Lieutenant Governor,,DEM,Phillip Ensler,97
Russell,0001 MARTIN IDLE COMM CTR,"Public Service Commission, Place No. 1",,DEM,James O. Gordon,116
Russell,0001 MARTIN IDLE COMM CTR,"Public Service Commission, Place No. 1",,DEM,Jeff Ramsey,56
Russell,0001 MARTIN IDLE COMM CTR,"Public Service Commission, Place No. 1",,DEM,John Northrop,43
Russell,0001 MARTIN IDLE COMM CTR,U.S. Senate,,DEM,Dakarai Larriett,79
Russell,0001 MARTIN IDLE COMM CTR,U.S. Senate,,DEM,Everett Wess,58
Russell,0001 MARTIN IDLE COMM CTR,U.S. Senate,,DEM,Kyle Sweetser,33
Russell,0001 MARTIN IDLE COMM CTR,U.S. Senate,,DEM,Mark S. Wheeler II,54
Russell,0001 MARTIN IDLE COMM CTR,Attorney General,,REP,Jay Mitchell,194
Russell,0001 MARTIN IDLE COMM CTR,Attorney General,,REP,Katherine Robertson,100
Russell,0001 MARTIN IDLE COMM CTR,Attorney General,,REP,Pamela L. Casey,67
Russell,0001 MARTIN IDLE COMM CTR,Commissioner of Agriculture and Industries,,REP,Christina Woerner McInnis,133
Russell,0001 MARTIN IDLE COMM CTR,Commissioner of Agriculture and Industries,,REP,Cory Hill,133
Russell,0001 MARTIN IDLE COMM CTR,Commissioner of Agriculture and Industries,,REP,Jack Williams,78
Russell,0001 MARTIN IDLE COMM CTR,Governor,,REP,"""Alabama"" Will Santivasci",16
Russell,0001 MARTIN IDLE COMM CTR,Governor,,REP,Ken McFeeters,22
Russell,0001 MARTIN IDLE COMM CTR,Governor,,REP,Thomas Tuberville,340
Russell,0001 MARTIN IDLE COMM CTR,Lieutenant Governor,,REP,Pat Bishop,21
Russell,0001 MARTIN IDLE COMM CTR,Lieutenant Governor,,REP,George Childress,7
Russell,0001 MARTIN IDLE COMM CTR,Lieutenant Governor,,REP,Rick Pate,21
Russell,0001 MARTIN IDLE COMM CTR,Lieutenant Governor,,REP,Stewart Hill Tankersley,11
Russell,0001 MARTIN IDLE COMM CTR,Lieutenant Governor,,REP,Nicole Jones Wadsworth,22
Russell,0001 MARTIN IDLE COMM CTR,Lieutenant Governor,,REP,John Wahl,211
Russell,0001 MARTIN IDLE COMM CTR,Lieutenant Governor,,REP,Wes Allen,74
Russell,0001 MARTIN IDLE COMM CTR,"Public Service Commission, Place No. 1",,REP,Jeremy H. Oden,52
Russell,0001 MARTIN IDLE COMM CTR,"Public Service Commission, Place No. 1",,REP,Matt Gentry,294
Russell,0001 MARTIN IDLE COMM CTR,"Public Service Commission, Place No. 2",,REP,Brent Woodall,68
Russell,0001 MARTIN IDLE COMM CTR,"Public Service Commission, Place No. 2",,REP,Chris Beeker,56
Russell,0001 MARTIN IDLE COMM CTR,"Public Service Commission, Place No. 2",,REP,Jim Zig Zeigler,185
Russell,0001 MARTIN IDLE COMM CTR,"Public Service Commission, Place No. 2",,REP,Priscilla Andrews,40
Russell,0001 MARTIN IDLE COMM CTR,Secretary of State,,REP,Caroleene Dobson,235
Russell,0001 MARTIN IDLE COMM CTR,Secretary of State,,REP,Glenda S. Jackson,35
Russell,0001 MARTIN IDLE COMM CTR,Secretary of State,,REP,Christopher Christian Horn,80
Russell,0001 MARTIN IDLE COMM CTR,State Auditor,,REP,Andrew Sorrell,248
Russell,0001 MARTIN IDLE COMM CTR,State Auditor,,REP,Derek Chen,98
Russell,0001 MARTIN IDLE COMM CTR,State Treasurer,,REP,Steve Lolley,139
Russell,0001 MARTIN IDLE COMM CTR,State Treasurer,,REP,Young Boozer,214
Russell,0001 MARTIN IDLE COMM CTR,U.S. Senate,,REP,Barry Moore,168
Russell,0001 MARTIN IDLE COMM CTR,U.S. Senate,,REP,Dale Shelton Deas Jr.,5
Russell,0001 MARTIN IDLE COMM CTR,U.S. Senate,,REP,Jared Hudson,82
Russell,0001 MARTIN IDLE COMM CTR,U.S. Senate,,REP,Morgan Murphy,10
Russell,0001 MARTIN IDLE COMM CTR,U.S. Senate,,REP,Rodney Walker,22
Russell,0001 MARTIN IDLE COMM CTR,U.S. Senate,,REP,Seth Burton,33
Russell,0001 MARTIN IDLE COMM CTR,U.S. Senate,,REP,Steve Marshall,45
Russell,0002 LADONIA VFD,Proposed Statewide Amendment 1,,,No,78
Russell,0002 LADONIA VFD,Proposed Statewide Amendment 1,,,Yes,512
Russell,0002 LADONIA VFD,Proposed Statewide Amendment 2,,,No,230
Russell,0002 LADONIA VFD,Proposed Statewide Amendment 2,,,Yes,349
Russell,0002 LADONIA VFD,Governor,,DEM,"Chad ""Chig"" Martin",8
Russell,0002 LADONIA VFD,Governor,,DEM,Doug Jones,178
Russell,0002 LADONIA VFD,Governor,,DEM,Jamel J. Brown,19
Russell,0002 LADONIA VFD,Governor,,DEM,"Nathan ""Nate"" Mathis",7
Russell,0002 LADONIA VFD,Governor,,DEM,Will Boyd,41
Russell,0002 LADONIA VFD,Governor,,DEM,Yolanda Rochelle Flowers,39
Russell,0002 LADONIA VFD,Lieutenant Governor,,DEM,Darryl D. Perryman,164
Russell,0002 LADONIA VFD,Lieutenant Governor,,DEM,Phillip Ensler,116
Russell,0002 LADONIA VFD,"Public Service Commission, Place No. 1",,DEM,James O. Gordon,166
Russell,0002 LADONIA VFD,"Public Service Commission, Place No. 1",,DEM,Jeff Ramsey,74
Russell,0002 LADONIA VFD,"Public Service Commission, Place No. 1",,DEM,John Northrop,38
Russell,0002 LADONIA VFD,State Democratic Executive Committee,,DEM,Ciara Thomas,75
Russell,0002 LADONIA VFD,State Democratic Executive Committee,,DEM,Patsy B Parker,84
Russell,0002 LADONIA VFD,U.S. Senate,,DEM,Dakarai Larriett,107
Russell,0002 LADONIA VFD,U.S. Senate,,DEM,Everett Wess,86
Russell,0002 LADONIA VFD,U.S. Senate,,DEM,Kyle Sweetser,27
Russell,0002 LADONIA VFD,U.S. Senate,,DEM,Mark S. Wheeler II,57
Russell,0002 LADONIA VFD,Attorney General,,REP,Jay Mitchell,161
Russell,0002 LADONIA VFD,Attorney General,,REP,Katherine Robertson,66
Russell,0002 LADONIA VFD,Attorney General,,REP,Pamela L. Casey,73
Russell,0002 LADONIA VFD,Commissioner of Agriculture and Industries,,REP,Christina Woerner McInnis,109
Russell,0002 LADONIA VFD,Commissioner of Agriculture and Industries,,REP,Cory Hill,104
Russell,0002 LADONIA VFD,Commissioner of Agriculture and Industries,,REP,Jack Williams,64
Russell,0002 LADONIA VFD,Governor,,REP,"""Alabama"" Will Santivasci",10
Russell,0002 LADONIA VFD,Governor,,REP,Ken McFeeters,20
Russell,0002 LADONIA VFD,Governor,,REP,Thomas Tuberville,281
Russell,0002 LADONIA VFD,Lieutenant Governor,,REP,Pat Bishop,21
Russell,0002 LADONIA VFD,Lieutenant Governor,,REP,George Childress,15
Russell,0002 LADONIA VFD,Lieutenant Governor,,REP,Rick Pate,13
Russell,0002 LADONIA VFD,Lieutenant Governor,,REP,Stewart Hill Tankersley,1
Russell,0002 LADONIA VFD,Lieutenant Governor,,REP,Nicole Jones Wadsworth,15
Russell,0002 LADONIA VFD,Lieutenant Governor,,REP,John Wahl,164
Russell,0002 LADONIA VFD,Lieutenant Governor,,REP,Wes Allen,71
Russell,0002 LADONIA VFD,"Public Service Commission, Place No. 1",,REP,Jeremy H. Oden,46
Russell,0002 LADONIA VFD,"Public Service Commission, Place No. 1",,REP,Matt Gentry,234
Russell,0002 LADONIA VFD,"Public Service Commission, Place No. 2",,REP,Brent Woodall,41
Russell,0002 LADONIA VFD,"Public Service Commission, Place No. 2",,REP,Chris Beeker,67
Russell,0002 LADONIA VFD,"Public Service Commission, Place No. 2",,REP,Jim Zig Zeigler,140
Russell,0002 LADONIA VFD,"Public Service Commission, Place No. 2",,REP,Priscilla Andrews,35
Russell,0002 LADONIA VFD,Secretary of State,,REP,Caroleene Dobson,192
Russell,0002 LADONIA VFD,Secretary of State,,REP,Glenda S. Jackson,26
Russell,0002 LADONIA VFD,Secretary of State,,REP,Christopher Christian Horn,71
Russell,0002 LADONIA VFD,State Auditor,,REP,Andrew Sorrell,207
Russell,0002 LADONIA VFD,State Auditor,,REP,Derek Chen,71
Russell,0002 LADONIA VFD,State Senate,27,REP,Doug Cannon,97
Russell,0002 LADONIA VFD,State Senate,27,REP,Jay Hovey,184
Russell,0002 LADONIA VFD,State Treasurer,,REP,Steve Lolley,102
Russell,0002 LADONIA VFD,State Treasurer,,REP,Young Boozer,178
Russell,0002 LADONIA VFD,U.S. Senate,,REP,Barry Moore,135
Russell,0002 LADONIA VFD,U.S. Senate,,REP,Dale Shelton Deas Jr.,11
Russell,0002 LADONIA VFD,U.S. Senate,,REP,Jared Hudson,59
Russell,0002 LADONIA VFD,U.S. Senate,,REP,Morgan Murphy,9
Russell,0002 LADONIA VFD,U.S. Senate,,REP,Rodney Walker,16
Russell,0002 LADONIA VFD,U.S. Senate,,REP,Seth Burton,32
Russell,0002 LADONIA VFD,U.S. Senate,,REP,Steve Marshall,35
Russell,0003 CENTRAL ACTIVITY BLDG,Proposed Statewide Amendment 1,,,No,78
Russell,0003 CENTRAL ACTIVITY BLDG,Proposed Statewide Amendment 1,,,Yes,349
Russell,0003 CENTRAL ACTIVITY BLDG,Proposed Statewide Amendment 2,,,No,157
Russell,0003 CENTRAL ACTIVITY BLDG,Proposed Statewide Amendment 2,,,Yes,263
Russell,0003 CENTRAL ACTIVITY BLDG,Governor,,DEM,"Chad ""Chig"" Martin",3
Russell,0003 CENTRAL ACTIVITY BLDG,Governor,,DEM,Doug Jones,153
Russell,0003 CENTRAL ACTIVITY BLDG,Governor,,DEM,Jamel J. Brown,24
Russell,0003 CENTRAL ACTIVITY BLDG,Governor,,DEM,"Nathan ""Nate"" Mathis",6
Russell,0003 CENTRAL ACTIVITY BLDG,Governor,,DEM,Will Boyd,38
Russell,0003 CENTRAL ACTIVITY BLDG,Governor,,DEM,Yolanda Rochelle Flowers,47
Russell,0003 CENTRAL ACTIVITY BLDG,Lieutenant Governor,,DEM,Darryl D. Perryman,141
Russell,0003 CENTRAL ACTIVITY BLDG,Lieutenant Governor,,DEM,Phillip Ensler,121
Russell,0003 CENTRAL ACTIVITY BLDG,"Public Service Commission, Place No. 1",,DEM,James O. Gordon,153
Russell,0003 CENTRAL ACTIVITY BLDG,"Public Service Commission, Place No. 1",,DEM,Jeff Ramsey,65
Russell,0003 CENTRAL ACTIVITY BLDG,"Public Service Commission, Place No. 1",,DEM,John Northrop,37
Russell,0003 CENTRAL ACTIVITY BLDG,State Democratic Executive Committee,,DEM,Ciara Thomas,39
Russell,0003 CENTRAL ACTIVITY BLDG,State Democratic Executive Committee,,DEM,Patsy B Parker,12
Russell,0003 CENTRAL ACTIVITY BLDG,U.S. Senate,,DEM,Dakarai Larriett,120
Russell,0003 CENTRAL ACTIVITY BLDG,U.S. Senate,,DEM,Everett Wess,69
Russell,0003 CENTRAL ACTIVITY BLDG,U.S. Senate,,DEM,Kyle Sweetser,27
Russell,0003 CENTRAL ACTIVITY BLDG,U.S. Senate,,DEM,Mark S. Wheeler II,45
Russell,0003 CENTRAL ACTIVITY BLDG,Attorney General,,REP,Jay Mitchell,89
Russell,0003 CENTRAL ACTIVITY BLDG,Attorney General,,REP,Katherine Robertson,29
Russell,0003 CENTRAL ACTIVITY BLDG,Attorney General,,REP,Pamela L. Casey,39
Russell,0003 CENTRAL ACTIVITY BLDG,Commissioner of Agriculture and Industries,,REP,Christina Woerner McInnis,69
Russell,0003 CENTRAL ACTIVITY BLDG,Commissioner of Agriculture and Industries,,REP,Cory Hill,37
Russell,0003 CENTRAL ACTIVITY BLDG,Commissioner of Agriculture and Industries,,REP,Jack Williams,43
Russell,0003 CENTRAL ACTIVITY BLDG,Governor,,REP,"""Alabama"" Will Santivasci",10
Russell,0003 CENTRAL ACTIVITY BLDG,Governor,,REP,Ken McFeeters,13
Russell,0003 CENTRAL ACTIVITY BLDG,Governor,,REP,Thomas Tuberville,139
Russell,0003 CENTRAL ACTIVITY BLDG,Lieutenant Governor,,REP,Pat Bishop,15
Russell,0003 CENTRAL ACTIVITY BLDG,Lieutenant Governor,,REP,George Childress,4
Russell,0003 CENTRAL ACTIVITY BLDG,Lieutenant Governor,,REP,Rick Pate,8
Russell,0003 CENTRAL ACTIVITY BLDG,Lieutenant Governor,,REP,Stewart Hill Tankersley,7
Russell,0003 CENTRAL ACTIVITY BLDG,Lieutenant Governor,,REP,Nicole Jones Wadsworth,10
Russell,0003 CENTRAL ACTIVITY BLDG,Lieutenant Governor,,REP,John Wahl,85
Russell,0003 CENTRAL ACTIVITY BLDG,Lieutenant Governor,,REP,Wes Allen,32
Russell,0003 CENTRAL ACTIVITY BLDG,"Public Service Commission, Place No. 1",,REP,Jeremy H. Oden,40
Russell,0003 CENTRAL ACTIVITY BLDG,"Public Service Commission, Place No. 1",,REP,Matt Gentry,108
Russell,0003 CENTRAL ACTIVITY BLDG,"Public Service Commission, Place No. 2",,REP,Brent Woodall,33
Russell,0003 CENTRAL ACTIVITY BLDG,"Public Service Commission, Place No. 2",,REP,Chris Beeker,27
Russell,0003 CENTRAL ACTIVITY BLDG,"Public Service Commission, Place No. 2",,REP,Jim Zig Zeigler,69
Russell,0003 CENTRAL ACTIVITY BLDG,"Public Service Commission, Place No. 2",,REP,Priscilla Andrews,23
Russell,0003 CENTRAL ACTIVITY BLDG,Secretary of State,,REP,Caroleene Dobson,98
Russell,0003 CENTRAL ACTIVITY BLDG,Secretary of State,,REP,Glenda S. Jackson,22
Russell,0003 CENTRAL ACTIVITY BLDG,Secretary of State,,REP,Christopher Christian Horn,34
Russell,0003 CENTRAL ACTIVITY BLDG,State Auditor,,REP,Andrew Sorrell,107
Russell,0003 CENTRAL ACTIVITY BLDG,State Auditor,,REP,Derek Chen,41
Russell,0003 CENTRAL ACTIVITY BLDG,State Senate,27,REP,Doug Cannon,20
Russell,0003 CENTRAL ACTIVITY BLDG,State Senate,27,REP,Jay Hovey,59
Russell,0003 CENTRAL ACTIVITY BLDG,State Treasurer,,REP,Steve Lolley,66
Russell,0003 CENTRAL ACTIVITY BLDG,State Treasurer,,REP,Young Boozer,87
Russell,0003 CENTRAL ACTIVITY BLDG,U.S. Senate,,REP,Barry Moore,72
Russell,0003 CENTRAL ACTIVITY BLDG,U.S. Senate,,REP,Dale Shelton Deas Jr.,6
Russell,0003 CENTRAL ACTIVITY BLDG,U.S. Senate,,REP,Jared Hudson,24
Russell,0003 CENTRAL ACTIVITY BLDG,U.S. Senate,,REP,Morgan Murphy,6
Russell,0003 CENTRAL ACTIVITY BLDG,U.S. Senate,,REP,Rodney Walker,11
Russell,0003 CENTRAL ACTIVITY BLDG,U.S. Senate,,REP,Seth Burton,15
Russell,0003 CENTRAL ACTIVITY BLDG,U.S. Senate,,REP,Steve Marshall,22
Russell,0004 GOLDEN ACRES BAPT,Proposed Statewide Amendment 1,,,No,14
Russell,0004 GOLDEN ACRES BAPT,Proposed Statewide Amendment 1,,,Yes,169
Russell,0004 GOLDEN ACRES BAPT,Proposed Statewide Amendment 2,,,No,69
Russell,0004 GOLDEN ACRES BAPT,Proposed Statewide Amendment 2,,,Yes,110
Russell,0004 GOLDEN ACRES BAPT,Governor,,DEM,"Chad ""Chig"" Martin",1
Russell,0004 GOLDEN ACRES BAPT,Governor,,DEM,Doug Jones,36
Russell,0004 GOLDEN ACRES BAPT,Governor,,DEM,Jamel J. Brown,2
Russell,0004 GOLDEN ACRES BAPT,Governor,,DEM,"Nathan ""Nate"" Mathis",1
Russell,0004 GOLDEN ACRES BAPT,Governor,,DEM,Will Boyd,15
Russell,0004 GOLDEN ACRES BAPT,Governor,,DEM,Yolanda Rochelle Flowers,11
Russell,0004 GOLDEN ACRES BAPT,Lieutenant Governor,,DEM,Darryl D. Perryman,35
Russell,0004 GOLDEN ACRES BAPT,Lieutenant Governor,,DEM,Phillip Ensler,31
Russell,0004 GOLDEN ACRES BAPT,"Public Service Commission, Place No. 1",,DEM,James O. Gordon,24
Russell,0004 GOLDEN ACRES BAPT,"Public Service Commission, Place No. 1",,DEM,Jeff Ramsey,29
Russell,0004 GOLDEN ACRES BAPT,"Public Service Commission, Place No. 1",,DEM,John Northrop,13
Russell,0004 GOLDEN ACRES BAPT,U.S. Senate,,DEM,Dakarai Larriett,23
Russell,0004 GOLDEN ACRES BAPT,U.S. Senate,,DEM,Everett Wess,12
Russell,0004 GOLDEN ACRES BAPT,U.S. Senate,,DEM,Kyle Sweetser,10
Russell,0004 GOLDEN ACRES BAPT,U.S. Senate,,DEM,Mark S. Wheeler II,19
Russell,0004 GOLDEN ACRES BAPT,Attorney General,,REP,Jay Mitchell,65
Russell,0004 GOLDEN ACRES BAPT,Attorney General,,REP,Katherine Robertson,29
Russell,0004 GOLDEN ACRES BAPT,Attorney General,,REP,Pamela L. Casey,20
Russell,0004 GOLDEN ACRES BAPT,Commissioner of Agriculture and Industries,,REP,Christina Woerner McInnis,46
Russell,0004 GOLDEN ACRES BAPT,Commissioner of Agriculture and Industries,,REP,Cory Hill,37
Russell,0004 GOLDEN ACRES BAPT,Commissioner of Agriculture and Industries,,REP,Jack Williams,23
Russell,0004 GOLDEN ACRES BAPT,Governor,,REP,"""Alabama"" Will Santivasci",7
Russell,0004 GOLDEN ACRES BAPT,Governor,,REP,Ken McFeeters,4
Russell,0004 GOLDEN ACRES BAPT,Governor,,REP,Thomas Tuberville,109
Russell,0004 GOLDEN ACRES BAPT,Lieutenant Governor,,REP,Pat Bishop,7
Russell,0004 GOLDEN ACRES BAPT,Lieutenant Governor,,REP,George Childress,3
Russell,0004 GOLDEN ACRES BAPT,Lieutenant Governor,,REP,Rick Pate,14
Russell,0004 GOLDEN ACRES BAPT,Lieutenant Governor,,REP,Stewart Hill Tankersley,2
Russell,0004 GOLDEN ACRES BAPT,Lieutenant Governor,,REP,Nicole Jones Wadsworth,11
Russell,0004 GOLDEN ACRES BAPT,Lieutenant Governor,,REP,John Wahl,55
Russell,0004 GOLDEN ACRES BAPT,Lieutenant Governor,,REP,Wes Allen,23
Russell,0004 GOLDEN ACRES BAPT,"Public Service Commission, Place No. 1",,REP,Jeremy H. Oden,16
Russell,0004 GOLDEN ACRES BAPT,"Public Service Commission, Place No. 1",,REP,Matt Gentry,93
Russell,0004 GOLDEN ACRES BAPT,"Public Service Commission, Place No. 2",,REP,Brent Woodall,19
Russell,0004 GOLDEN ACRES BAPT,"Public Service Commission, Place No. 2",,REP,Chris Beeker,11
Russell,0004 GOLDEN ACRES BAPT,"Public Service Commission, Place No. 2",,REP,Jim Zig Zeigler,67
Russell,0004 GOLDEN ACRES BAPT,"Public Service Commission, Place No. 2",,REP,Priscilla Andrews,13
Russell,0004 GOLDEN ACRES BAPT,Secretary of State,,REP,Caroleene Dobson,72
Russell,0004 GOLDEN ACRES BAPT,Secretary of State,,REP,Glenda S. Jackson,11
Russell,0004 GOLDEN ACRES BAPT,Secretary of State,,REP,Christopher Christian Horn,26
Russell,0004 GOLDEN ACRES BAPT,State Auditor,,REP,Andrew Sorrell,84
Russell,0004 GOLDEN ACRES BAPT,State Auditor,,REP,Derek Chen,22
Russell,0004 GOLDEN ACRES BAPT,State Treasurer,,REP,Steve Lolley,38
Russell,0004 GOLDEN ACRES BAPT,State Treasurer,,REP,Young Boozer,75
Russell,0004 GOLDEN ACRES BAPT,U.S. Senate,,REP,Barry Moore,50
Russell,0004 GOLDEN ACRES BAPT,U.S. Senate,,REP,Dale Shelton Deas Jr.,5
Russell,0004 GOLDEN ACRES BAPT,U.S. Senate,,REP,Jared Hudson,27
Russell,0004 GOLDEN ACRES BAPT,U.S. Senate,,REP,Morgan Murphy,4
Russell,0004 GOLDEN ACRES BAPT,U.S. Senate,,REP,Rodney Walker,6
Russell,0004 GOLDEN ACRES BAPT,U.S. Senate,,REP,Seth Burton,8
Russell,0004 GOLDEN ACRES BAPT,U.S. Senate,,REP,Steve Marshall,14
Russell,0005 COUNTY COURTHOUSE,Proposed Statewide Amendment 1,,,No,25
Russell,0005 COUNTY COURTHOUSE,Proposed Statewide Amendment 1,,,Yes,99
Russell,0005 COUNTY COURTHOUSE,Proposed Statewide Amendment 2,,,No,42
Russell,0005 COUNTY COURTHOUSE,Proposed Statewide Amendment 2,,,Yes,81
Russell,0005 COUNTY COURTHOUSE,Governor,,DEM,"Chad ""Chig"" Martin",1
Russell,0005 COUNTY COURTHOUSE,Governor,,DEM,Doug Jones,54
Russell,0005 COUNTY COURTHOUSE,Governor,,DEM,Jamel J. Brown,11
Russell,0005 COUNTY COURTHOUSE,Governor,,DEM,"Nathan ""Nate"" Mathis",3
Russell,0005 COUNTY COURTHOUSE,Governor,,DEM,Will Boyd,11
Russell,0005 COUNTY COURTHOUSE,Governor,,DEM,Yolanda Rochelle Flowers,23
Russell,0005 COUNTY COURTHOUSE,Lieutenant Governor,,DEM,Darryl D. Perryman,68
Russell,0005 COUNTY COURTHOUSE,Lieutenant Governor,,DEM,Phillip Ensler,33
Russell,0005 COUNTY COURTHOUSE,"Public Service Commission, Place No. 1",,DEM,James O. Gordon,68
Russell,0005 COUNTY COURTHOUSE,"Public Service Commission, Place No. 1",,DEM,Jeff Ramsey,20
Russell,0005 COUNTY COURTHOUSE,"Public Service Commission, Place No. 1",,DEM,John Northrop,10
Russell,0005 COUNTY COURTHOUSE,State Democratic Executive Committee,,DEM,Ciara Thomas,58
Russell,0005 COUNTY COURTHOUSE,State Democratic Executive Committee,,DEM,Patsy B Parker,32
Russell,0005 COUNTY COURTHOUSE,U.S. Senate,,DEM,Dakarai Larriett,44
Russell,0005 COUNTY COURTHOUSE,U.S. Senate,,DEM,Everett Wess,30
Russell,0005 COUNTY COURTHOUSE,U.S. Senate,,DEM,Kyle Sweetser,9
Russell,0005 COUNTY COURTHOUSE,U.S. Senate,,DEM,Mark S. Wheeler II,16
Russell,0005 COUNTY COURTHOUSE,Attorney General,,REP,Jay Mitchell,9
Russell,0005 COUNTY COURTHOUSE,Attorney General,,REP,Katherine Robertson,7
Russell,0005 COUNTY COURTHOUSE,Attorney General,,REP,Pamela L. Casey,5
Russell,0005 COUNTY COURTHOUSE,Commissioner of Agriculture and Industries,,REP,Christina Woerner McInnis,5
Russell,0005 COUNTY COURTHOUSE,Commissioner of Agriculture and Industries,,REP,Cory Hill,7
Russell,0005 COUNTY COURTHOUSE,Commissioner of Agriculture and Industries,,REP,Jack Williams,8
Russell,0005 COUNTY COURTHOUSE,Governor,,REP,"""Alabama"" Will Santivasci",3
Russell,0005 COUNTY COURTHOUSE,Governor,,REP,Ken McFeeters,2
Russell,0005 COUNTY COURTHOUSE,Governor,,REP,Thomas Tuberville,16
Russell,0005 COUNTY COURTHOUSE,Lieutenant Governor,,REP,Pat Bishop,0
Russell,0005 COUNTY COURTHOUSE,Lieutenant Governor,,REP,George Childress,3
Russell,0005 COUNTY COURTHOUSE,Lieutenant Governor,,REP,Rick Pate,1
Russell,0005 COUNTY COURTHOUSE,Lieutenant Governor,,REP,Stewart Hill Tankersley,0
Russell,0005 COUNTY COURTHOUSE,Lieutenant Governor,,REP,Nicole Jones Wadsworth,4
Russell,0005 COUNTY COURTHOUSE,Lieutenant Governor,,REP,John Wahl,10
Russell,0005 COUNTY COURTHOUSE,Lieutenant Governor,,REP,Wes Allen,3
Russell,0005 COUNTY COURTHOUSE,"Public Service Commission, Place No. 1",,REP,Jeremy H. Oden,4
Russell,0005 COUNTY COURTHOUSE,"Public Service Commission, Place No. 1",,REP,Matt Gentry,16
Russell,0005 COUNTY COURTHOUSE,"Public Service Commission, Place No. 2",,REP,Brent Woodall,4
Russell,0005 COUNTY COURTHOUSE,"Public Service Commission, Place No. 2",,REP,Chris Beeker,4
Russell,0005 COUNTY COURTHOUSE,"Public Service Commission, Place No. 2",,REP,Jim Zig Zeigler,7
Russell,0005 COUNTY COURTHOUSE,"Public Service Commission, Place No. 2",,REP,Priscilla Andrews,4
Russell,0005 COUNTY COURTHOUSE,Secretary of State,,REP,Caroleene Dobson,8
Russell,0005 COUNTY COURTHOUSE,Secretary of State,,REP,Glenda S. Jackson,3
Russell,0005 COUNTY COURTHOUSE,Secretary of State,,REP,Christopher Christian Horn,9
Russell,0005 COUNTY COURTHOUSE,State Auditor,,REP,Andrew Sorrell,10
Russell,0005 COUNTY COURTHOUSE,State Auditor,,REP,Derek Chen,9
Russell,0005 COUNTY COURTHOUSE,State Treasurer,,REP,Steve Lolley,13
Russell,0005 COUNTY COURTHOUSE,State Treasurer,,REP,Young Boozer,7
Russell,0005 COUNTY COURTHOUSE,U.S. Senate,,REP,Barry Moore,2
Russell,0005 COUNTY COURTHOUSE,U.S. Senate,,REP,Dale Shelton Deas Jr.,0
Russell,0005 COUNTY COURTHOUSE,U.S. Senate,,REP,Jared Hudson,7
Russell,0005 COUNTY COURTHOUSE,U.S. Senate,,REP,Morgan Murphy,1
Russell,0005 COUNTY COURTHOUSE,U.S. Senate,,REP,Rodney Walker,1
Russell,0005 COUNTY COURTHOUSE,U.S. Senate,,REP,Seth Burton,6
Russell,0005 COUNTY COURTHOUSE,U.S. Senate,,REP,Steve Marshall,4
Russell,0006 PHENIX CITY YOUTH CTR,Proposed Statewide Amendment 1,,,No,29
Russell,0006 PHENIX CITY YOUTH CTR,Proposed Statewide Amendment 1,,,Yes,105
Russell,0006 PHENIX CITY YOUTH CTR,Proposed Statewide Amendment 2,,,No,49
Russell,0006 PHENIX CITY YOUTH CTR,Proposed Statewide Amendment 2,,,Yes,84
Russell,0006 PHENIX CITY YOUTH CTR,Governor,,DEM,"Chad ""Chig"" Martin",1
Russell,0006 PHENIX CITY YOUTH CTR,Governor,,DEM,Doug Jones,74
Russell,0006 PHENIX CITY YOUTH CTR,Governor,,DEM,Jamel J. Brown,23
Russell,0006 PHENIX CITY YOUTH CTR,Governor,,DEM,"Nathan ""Nate"" Mathis",3
Russell,0006 PHENIX CITY YOUTH CTR,Governor,,DEM,Will Boyd,13
Russell,0006 PHENIX CITY YOUTH CTR,Governor,,DEM,Yolanda Rochelle Flowers,21
Russell,0006 PHENIX CITY YOUTH CTR,Lieutenant Governor,,DEM,Darryl D. Perryman,75
Russell,0006 PHENIX CITY YOUTH CTR,Lieutenant Governor,,DEM,Phillip Ensler,47
Russell,0006 PHENIX CITY YOUTH CTR,"Public Service Commission, Place No. 1",,DEM,James O. Gordon,73
Russell,0006 PHENIX CITY YOUTH CTR,"Public Service Commission, Place No. 1",,DEM,Jeff Ramsey,25
Russell,0006 PHENIX CITY YOUTH CTR,"Public Service Commission, Place No. 1",,DEM,John Northrop,21
Russell,0006 PHENIX CITY YOUTH CTR,State Democratic Executive Committee,,DEM,Ciara Thomas,72
Russell,0006 PHENIX CITY YOUTH CTR,State Democratic Executive Committee,,DEM,Patsy B Parker,46
Russell,0006 PHENIX CITY YOUTH CTR,U.S. Senate,,DEM,Dakarai Larriett,41
Russell,0006 PHENIX CITY YOUTH CTR,U.S. Senate,,DEM,Everett Wess,36
Russell,0006 PHENIX CITY YOUTH CTR,U.S. Senate,,DEM,Kyle Sweetser,16
Russell,0006 PHENIX CITY YOUTH CTR,U.S. Senate,,DEM,Mark S. Wheeler II,28
Russell,0006 PHENIX CITY YOUTH CTR,Attorney General,,REP,Jay Mitchell,5
Russell,0006 PHENIX CITY YOUTH CTR,Attorney General,,REP,Katherine Robertson,2
Russell,0006 PHENIX CITY YOUTH CTR,Attorney General,,REP,Pamela L. Casey,4
Russell,0006 PHENIX CITY YOUTH CTR,Commissioner of Agriculture and Industries,,REP,Christina Woerner McInnis,2
Russell,0006 PHENIX CITY YOUTH CTR,Commissioner of Agriculture and Industries,,REP,Cory Hill,3
Russell,0006 PHENIX CITY YOUTH CTR,Commissioner of Agriculture and Industries,,REP,Jack Williams,6
Russell,0006 PHENIX CITY YOUTH CTR,Governor,,REP,"""Alabama"" Will Santivasci",0
Russell,0006 PHENIX CITY YOUTH CTR,Governor,,REP,Ken McFeeters,1
Russell,0006 PHENIX CITY YOUTH CTR,Governor,,REP,Thomas Tuberville,10
Russell,0006 PHENIX CITY YOUTH CTR,Lieutenant Governor,,REP,Pat Bishop,0
Russell,0006 PHENIX CITY YOUTH CTR,Lieutenant Governor,,REP,George Childress,0
Russell,0006 PHENIX CITY YOUTH CTR,Lieutenant Governor,,REP,Rick Pate,5
Russell,0006 PHENIX CITY YOUTH CTR,Lieutenant Governor,,REP,Stewart Hill Tankersley,0
Russell,0006 PHENIX CITY YOUTH CTR,Lieutenant Governor,,REP,Nicole Jones Wadsworth,2
Russell,0006 PHENIX CITY YOUTH CTR,Lieutenant Governor,,REP,John Wahl,3
Russell,0006 PHENIX CITY YOUTH CTR,Lieutenant Governor,,REP,Wes Allen,1
Russell,0006 PHENIX CITY YOUTH CTR,"Public Service Commission, Place No. 1",,REP,Jeremy H. Oden,3
Russell,0006 PHENIX CITY YOUTH CTR,"Public Service Commission, Place No. 1",,REP,Matt Gentry,8
Russell,0006 PHENIX CITY YOUTH CTR,"Public Service Commission, Place No. 2",,REP,Brent Woodall,2
Russell,0006 PHENIX CITY YOUTH CTR,"Public Service Commission, Place No. 2",,REP,Chris Beeker,1
Russell,0006 PHENIX CITY YOUTH CTR,"Public Service Commission, Place No. 2",,REP,Jim Zig Zeigler,5
Russell,0006 PHENIX CITY YOUTH CTR,"Public Service Commission, Place No. 2",,REP,Priscilla Andrews,3
Russell,0006 PHENIX CITY YOUTH CTR,Secretary of State,,REP,Caroleene Dobson,1
Russell,0006 PHENIX CITY YOUTH CTR,Secretary of State,,REP,Glenda S. Jackson,1
Russell,0006 PHENIX CITY YOUTH CTR,Secretary of State,,REP,Christopher Christian Horn,9
Russell,0006 PHENIX CITY YOUTH CTR,State Auditor,,REP,Andrew Sorrell,7
Russell,0006 PHENIX CITY YOUTH CTR,State Auditor,,REP,Derek Chen,4
Russell,0006 PHENIX CITY YOUTH CTR,State Treasurer,,REP,Steve Lolley,6
Russell,0006 PHENIX CITY YOUTH CTR,State Treasurer,,REP,Young Boozer,5
Russell,0006 PHENIX CITY YOUTH CTR,U.S. Senate,,REP,Barry Moore,2
Russell,0006 PHENIX CITY YOUTH CTR,U.S. Senate,,REP,Dale Shelton Deas Jr.,0
Russell,0006 PHENIX CITY YOUTH CTR,U.S. Senate,,REP,Jared Hudson,3
Russell,0006 PHENIX CITY YOUTH CTR,U.S. Senate,,REP,Morgan Murphy,1
Russell,0006 PHENIX CITY YOUTH CTR,U.S. Senate,,REP,Rodney Walker,1
Russell,0006 PHENIX CITY YOUTH CTR,U.S. Senate,,REP,Seth Burton,2
Russell,0006 PHENIX CITY YOUTH CTR,U.S. Senate,,REP,Steve Marshall,2
Russell,0007 SPENCER REC CTR,Proposed Statewide Amendment 1,,,No,74
Russell,0007 SPENCER REC CTR,Proposed Statewide Amendment 1,,,Yes,215
Russell,0007 SPENCER REC CTR,Proposed Statewide Amendment 2,,,No,98
Russell,0007 SPENCER REC CTR,Proposed Statewide Amendment 2,,,Yes,187
Russell,0007 SPENCER REC CTR,Governor,,DEM,"Chad ""Chig"" Martin",5
Russell,0007 SPENCER REC CTR,Governor,,DEM,Doug Jones,155
Russell,0007 SPENCER REC CTR,Governor,,DEM,Jamel J. Brown,32
Russell,0007 SPENCER REC CTR,Governor,,DEM,"Nathan ""Nate"" Mathis",7
Russell,0007 SPENCER REC CTR,Governor,,DEM,Will Boyd,26
Russell,0007 SPENCER REC CTR,Governor,,DEM,Yolanda Rochelle Flowers,54
Russell,0007 SPENCER REC CTR,Lieutenant Governor,,DEM,Darryl D. Perryman,174
Russell,0007 SPENCER REC CTR,Lieutenant Governor,,DEM,Phillip Ensler,90
Russell,0007 SPENCER REC CTR,"Public Service Commission, Place No. 1",,DEM,James O. Gordon,166
Russell,0007 SPENCER REC CTR,"Public Service Commission, Place No. 1",,DEM,Jeff Ramsey,61
Russell,0007 SPENCER REC CTR,"Public Service Commission, Place No. 1",,DEM,John Northrop,35
Russell,0007 SPENCER REC CTR,State Democratic Executive Committee,,DEM,Ciara Thomas,165
Russell,0007 SPENCER REC CTR,State Democratic Executive Committee,,DEM,Patsy B Parker,101
Russell,0007 SPENCER REC CTR,U.S. Senate,,DEM,Dakarai Larriett,102
Russell,0007 SPENCER REC CTR,U.S. Senate,,DEM,Everett Wess,64
Russell,0007 SPENCER REC CTR,U.S. Senate,,DEM,Kyle Sweetser,22
Russell,0007 SPENCER REC CTR,U.S. Senate,,DEM,Mark S. Wheeler II,65
Russell,0007 SPENCER REC CTR,Attorney General,,REP,Jay Mitchell,3
Russell,0007 SPENCER REC CTR,Attorney General,,REP,Katherine Robertson,1
Russell,0007 SPENCER REC CTR,Attorney General,,REP,Pamela L. Casey,0
Russell,0007 SPENCER REC CTR,Commissioner of Agriculture and Industries,,REP,Christina Woerner McInnis,3
Russell,0007 SPENCER REC CTR,Commissioner of Agriculture and Industries,,REP,Cory Hill,0
Russell,0007 SPENCER REC CTR,Commissioner of Agriculture and Industries,,REP,Jack Williams,1
Russell,0007 SPENCER REC CTR,Governor,,REP,"""Alabama"" Will Santivasci",1
Russell,0007 SPENCER REC CTR,Governor,,REP,Ken McFeeters,1
Russell,0007 SPENCER REC CTR,Governor,,REP,Thomas Tuberville,2
Russell,0007 SPENCER REC CTR,Lieutenant Governor,,REP,Pat Bishop,0
Russell,0007 SPENCER REC CTR,Lieutenant Governor,,REP,George Childress,0
Russell,0007 SPENCER REC CTR,Lieutenant Governor,,REP,Rick Pate,0
Russell,0007 SPENCER REC CTR,Lieutenant Governor,,REP,Stewart Hill Tankersley,0
Russell,0007 SPENCER REC CTR,Lieutenant Governor,,REP,Nicole Jones Wadsworth,2
Russell,0007 SPENCER REC CTR,Lieutenant Governor,,REP,John Wahl,2
Russell,0007 SPENCER REC CTR,Lieutenant Governor,,REP,Wes Allen,0
Russell,0007 SPENCER REC CTR,"Public Service Commission, Place No. 1",,REP,Jeremy H. Oden,2
Russell,0007 SPENCER REC CTR,"Public Service Commission, Place No. 1",,REP,Matt Gentry,2
Russell,0007 SPENCER REC CTR,"Public Service Commission, Place No. 2",,REP,Brent Woodall,1
Russell,0007 SPENCER REC CTR,"Public Service Commission, Place No. 2",,REP,Chris Beeker,2
Russell,0007 SPENCER REC CTR,"Public Service Commission, Place No. 2",,REP,Jim Zig Zeigler,1
Russell,0007 SPENCER REC CTR,"Public Service Commission, Place No. 2",,REP,Priscilla Andrews,0
Russell,0007 SPENCER REC CTR,Secretary of State,,REP,Caroleene Dobson,3
Russell,0007 SPENCER REC CTR,Secretary of State,,REP,Glenda S. Jackson,1
Russell,0007 SPENCER REC CTR,Secretary of State,,REP,Christopher Christian Horn,0
Russell,0007 SPENCER REC CTR,State Auditor,,REP,Andrew Sorrell,2
Russell,0007 SPENCER REC CTR,State Auditor,,REP,Derek Chen,2
Russell,0007 SPENCER REC CTR,State Treasurer,,REP,Steve Lolley,1
Russell,0007 SPENCER REC CTR,State Treasurer,,REP,Young Boozer,3
Russell,0007 SPENCER REC CTR,U.S. Senate,,REP,Barry Moore,2
Russell,0007 SPENCER REC CTR,U.S. Senate,,REP,Dale Shelton Deas Jr.,1
Russell,0007 SPENCER REC CTR,U.S. Senate,,REP,Jared Hudson,0
Russell,0007 SPENCER REC CTR,U.S. Senate,,REP,Morgan Murphy,0
Russell,0007 SPENCER REC CTR,U.S. Senate,,REP,Rodney Walker,0
Russell,0007 SPENCER REC CTR,U.S. Senate,,REP,Seth Burton,0
Russell,0007 SPENCER REC CTR,U.S. Senate,,REP,Steve Marshall,1
Russell,0008 MT. OLIVE VFD,Proposed Statewide Amendment 1,,,No,79
Russell,0008 MT. OLIVE VFD,Proposed Statewide Amendment 1,,,Yes,298
Russell,0008 MT. OLIVE VFD,Proposed Statewide Amendment 2,,,No,128
Russell,0008 MT. OLIVE VFD,Proposed Statewide Amendment 2,,,Yes,243
Russell,0008 MT. OLIVE VFD,Governor,,DEM,"Chad ""Chig"" Martin",1
Russell,0008 MT. OLIVE VFD,Governor,,DEM,Doug Jones,204
Russell,0008 MT. OLIVE VFD,Governor,,DEM,Jamel J. Brown,19
Russell,0008 MT. OLIVE VFD,Governor,,DEM,"Nathan ""Nate"" Mathis",12
Russell,0008 MT. OLIVE VFD,Governor,,DEM,Will Boyd,57
Russell,0008 MT. OLIVE VFD,Governor,,DEM,Yolanda Rochelle Flowers,59
Russell,0008 MT. OLIVE VFD,Lieutenant Governor,,DEM,Darryl D. Perryman,190
Russell,0008 MT. OLIVE VFD,Lieutenant Governor,,DEM,Phillip Ensler,150
Russell,0008 MT. OLIVE VFD,"Public Service Commission, Place No. 1",,DEM,James O. Gordon,207
Russell,0008 MT. OLIVE VFD,"Public Service Commission, Place No. 1",,DEM,Jeff Ramsey,76
Russell,0008 MT. OLIVE VFD,"Public Service Commission, Place No. 1",,DEM,John Northrop,57
Russell,0008 MT. OLIVE VFD,State Democratic Executive Committee,,DEM,Ciara Thomas,132
Russell,0008 MT. OLIVE VFD,State Democratic Executive Committee,,DEM,Courtney Lane,44
Russell,0008 MT. OLIVE VFD,State Democratic Executive Committee,,DEM,Harriet M Tolbert,72
Russell,0008 MT. OLIVE VFD,State Democratic Executive Committee,,DEM,Jermaine Phillips,94
Russell,0008 MT. OLIVE VFD,State Democratic Executive Committee,,DEM,Patsy B Parker,100
Russell,0008 MT. OLIVE VFD,State Democratic Executive Committee,,DEM,Ralph McKinnon,23
Russell,0008 MT. OLIVE VFD,State House,84,DEM,Berry Forte,47
Russell,0008 MT. OLIVE VFD,State House,84,DEM,Brittani O'Hara-Grant,68
Russell,0008 MT. OLIVE VFD,U.S. Senate,,DEM,Dakarai Larriett,149
Russell,0008 MT. OLIVE VFD,U.S. Senate,,DEM,Everett Wess,113
Russell,0008 MT. OLIVE VFD,U.S. Senate,,DEM,Kyle Sweetser,31
Russell,0008 MT. OLIVE VFD,U.S. Senate,,DEM,Mark S. Wheeler II,48
Russell,0008 MT. OLIVE VFD,Attorney General,,REP,Jay Mitchell,18
Russell,0008 MT. OLIVE VFD,Attorney General,,REP,Katherine Robertson,4
Russell,0008 MT. OLIVE VFD,Attorney General,,REP,Pamela L. Casey,4
Russell,0008 MT. OLIVE VFD,Commissioner of Agriculture and Industries,,REP,Christina Woerner McInnis,5
Russell,0008 MT. OLIVE VFD,Commissioner of Agriculture and Industries,,REP,Cory Hill,9
Russell,0008 MT. OLIVE VFD,Commissioner of Agriculture and Industries,,REP,Jack Williams,11
Russell,0008 MT. OLIVE VFD,Governor,,REP,"""Alabama"" Will Santivasci",0
Russell,0008 MT. OLIVE VFD,Governor,,REP,Ken McFeeters,11
Russell,0008 MT. OLIVE VFD,Governor,,REP,Thomas Tuberville,16
Russell,0008 MT. OLIVE VFD,Lieutenant Governor,,REP,Pat Bishop,3
Russell,0008 MT. OLIVE VFD,Lieutenant Governor,,REP,George Childress,0
Russell,0008 MT. OLIVE VFD,Lieutenant Governor,,REP,Rick Pate,0
Russell,0008 MT. OLIVE VFD,Lieutenant Governor,,REP,Stewart Hill Tankersley,0
Russell,0008 MT. OLIVE VFD,Lieutenant Governor,,REP,Nicole Jones Wadsworth,5
Russell,0008 MT. OLIVE VFD,Lieutenant Governor,,REP,John Wahl,12
Russell,0008 MT. OLIVE VFD,Lieutenant Governor,,REP,Wes Allen,6
Russell,0008 MT. OLIVE VFD,"Public Service Commission, Place No. 1",,REP,Jeremy H. Oden,7
Russell,0008 MT. OLIVE VFD,"Public Service Commission, Place No. 1",,REP,Matt Gentry,18
Russell,0008 MT. OLIVE VFD,"Public Service Commission, Place No. 2",,REP,Brent Woodall,5
Russell,0008 MT. OLIVE VFD,"Public Service Commission, Place No. 2",,REP,Chris Beeker,10
Russell,0008 MT. OLIVE VFD,"Public Service Commission, Place No. 2",,REP,Jim Zig Zeigler,7
Russell,0008 MT. OLIVE VFD,"Public Service Commission, Place No. 2",,REP,Priscilla Andrews,3
Russell,0008 MT. OLIVE VFD,Secretary of State,,REP,Caroleene Dobson,13
Russell,0008 MT. OLIVE VFD,Secretary of State,,REP,Glenda S. Jackson,2
Russell,0008 MT. OLIVE VFD,Secretary of State,,REP,Christopher Christian Horn,11
Russell,0008 MT. OLIVE VFD,State Auditor,,REP,Andrew Sorrell,13
Russell,0008 MT. OLIVE VFD,State Auditor,,REP,Derek Chen,12
Russell,0008 MT. OLIVE VFD,State Treasurer,,REP,Steve Lolley,7
Russell,0008 MT. OLIVE VFD,State Treasurer,,REP,Young Boozer,19
Russell,0008 MT. OLIVE VFD,U.S. Senate,,REP,Barry Moore,10
Russell,0008 MT. OLIVE VFD,U.S. Senate,,REP,Dale Shelton Deas Jr.,2
Russell,0008 MT. OLIVE VFD,U.S. Senate,,REP,Jared Hudson,5
Russell,0008 MT. OLIVE VFD,U.S. Senate,,REP,Morgan Murphy,0
Russell,0008 MT. OLIVE VFD,U.S. Senate,,REP,Rodney Walker,0
Russell,0008 MT. OLIVE VFD,U.S. Senate,,REP,Seth Burton,3
Russell,0008 MT. OLIVE VFD,U.S. Senate,,REP,Steve Marshall,6
Russell,0009 FT. MITCHELL COMM CTR,Proposed Statewide Amendment 1,,,No,114
Russell,0009 FT. MITCHELL COMM CTR,Proposed Statewide Amendment 1,,,Yes,564
Russell,0009 FT. MITCHELL COMM CTR,Proposed Statewide Amendment 2,,,No,273
Russell,0009 FT. MITCHELL COMM CTR,Proposed Statewide Amendment 2,,,Yes,395
Russell,0009 FT. MITCHELL COMM CTR,Governor,,DEM,"Chad ""Chig"" Martin",9
Russell,0009 FT. MITCHELL COMM CTR,Governor,,DEM,Doug Jones,310
Russell,0009 FT. MITCHELL COMM CTR,Governor,,DEM,Jamel J. Brown,53
Russell,0009 FT. MITCHELL COMM CTR,Governor,,DEM,"Nathan ""Nate"" Mathis",13
Russell,0009 FT. MITCHELL COMM CTR,Governor,,DEM,Will Boyd,84
Russell,0009 FT. MITCHELL COMM CTR,Governor,,DEM,Yolanda Rochelle Flowers,76
Russell,0009 FT. MITCHELL COMM CTR,Lieutenant Governor,,DEM,Darryl D. Perryman,307
Russell,0009 FT. MITCHELL COMM CTR,Lieutenant Governor,,DEM,Phillip Ensler,223
Russell,0009 FT. MITCHELL COMM CTR,"Public Service Commission, Place No. 1",,DEM,James O. Gordon,325
Russell,0009 FT. MITCHELL COMM CTR,"Public Service Commission, Place No. 1",,DEM,Jeff Ramsey,134
Russell,0009 FT. MITCHELL COMM CTR,"Public Service Commission, Place No. 1",,DEM,John Northrop,73
Russell,0009 FT. MITCHELL COMM CTR,State Democratic Executive Committee,,DEM,Courtney Lane,211
Russell,0009 FT. MITCHELL COMM CTR,State Democratic Executive Committee,,DEM,Harriet M Tolbert,325
Russell,0009 FT. MITCHELL COMM CTR,State Democratic Executive Committee,,DEM,Jermaine Phillips,367
Russell,0009 FT. MITCHELL COMM CTR,State Democratic Executive Committee,,DEM,Ralph McKinnon,169
Russell,0009 FT. MITCHELL COMM CTR,State House,84,DEM,Berry Forte,267
Russell,0009 FT. MITCHELL COMM CTR,State House,84,DEM,Brittani O'Hara-Grant,265
Russell,0009 FT. MITCHELL COMM CTR,U.S. Senate,,DEM,Dakarai Larriett,233
Russell,0009 FT. MITCHELL COMM CTR,U.S. Senate,,DEM,Everett Wess,172
Russell,0009 FT. MITCHELL COMM CTR,U.S. Senate,,DEM,Kyle Sweetser,44
Russell,0009 FT. MITCHELL COMM CTR,U.S. Senate,,DEM,Mark S. Wheeler II,87
Russell,0009 FT. MITCHELL COMM CTR,Attorney General,,REP,Jay Mitchell,55
Russell,0009 FT. MITCHELL COMM CTR,Attorney General,,REP,Katherine Robertson,37
Russell,0009 FT. MITCHELL COMM CTR,Attorney General,,REP,Pamela L. Casey,40
Russell,0009 FT. MITCHELL COMM CTR,Commissioner of Agriculture and Industries,,REP,Christina Woerner McInnis,58
Russell,0009 FT. MITCHELL COMM CTR,Commissioner of Agriculture and Industries,,REP,Cory Hill,42
Russell,0009 FT. MITCHELL COMM CTR,Commissioner of Agriculture and Industries,,REP,Jack Williams,30
Russell,0009 FT. MITCHELL COMM CTR,Governor,,REP,"""Alabama"" Will Santivasci",7
Russell,0009 FT. MITCHELL COMM CTR,Governor,,REP,Ken McFeeters,13
Russell,0009 FT. MITCHELL COMM CTR,Governor,,REP,Thomas Tuberville,117
Russell,0009 FT. MITCHELL COMM CTR,Lieutenant Governor,,REP,Pat Bishop,7
Russell,0009 FT. MITCHELL COMM CTR,Lieutenant Governor,,REP,George Childress,3
Russell,0009 FT. MITCHELL COMM CTR,Lieutenant Governor,,REP,Rick Pate,4
Russell,0009 FT. MITCHELL COMM CTR,Lieutenant Governor,,REP,Stewart Hill Tankersley,3
Russell,0009 FT. MITCHELL COMM CTR,Lieutenant Governor,,REP,Nicole Jones Wadsworth,12
Russell,0009 FT. MITCHELL COMM CTR,Lieutenant Governor,,REP,John Wahl,78
Russell,0009 FT. MITCHELL COMM CTR,Lieutenant Governor,,REP,Wes Allen,25
Russell,0009 FT. MITCHELL COMM CTR,"Public Service Commission, Place No. 1",,REP,Jeremy H. Oden,28
Russell,0009 FT. MITCHELL COMM CTR,"Public Service Commission, Place No. 1",,REP,Matt Gentry,101
Russell,0009 FT. MITCHELL COMM CTR,"Public Service Commission, Place No. 2",,REP,Brent Woodall,26
Russell,0009 FT. MITCHELL COMM CTR,"Public Service Commission, Place No. 2",,REP,Chris Beeker,28
Russell,0009 FT. MITCHELL COMM CTR,"Public Service Commission, Place No. 2",,REP,Jim Zig Zeigler,50
Russell,0009 FT. MITCHELL COMM CTR,"Public Service Commission, Place No. 2",,REP,Priscilla Andrews,26
Russell,0009 FT. MITCHELL COMM CTR,Secretary of State,,REP,Caroleene Dobson,88
Russell,0009 FT. MITCHELL COMM CTR,Secretary of State,,REP,Glenda S. Jackson,11
Russell,0009 FT. MITCHELL COMM CTR,Secretary of State,,REP,Christopher Christian Horn,32
Russell,0009 FT. MITCHELL COMM CTR,State Auditor,,REP,Andrew Sorrell,78
Russell,0009 FT. MITCHELL COMM CTR,State Auditor,,REP,Derek Chen,51
Russell,0009 FT. MITCHELL COMM CTR,State Treasurer,,REP,Steve Lolley,53
Russell,0009 FT. MITCHELL COMM CTR,State Treasurer,,REP,Young Boozer,77
Russell,0009 FT. MITCHELL COMM CTR,U.S. Senate,,REP,Barry Moore,60
Russell,0009 FT. MITCHELL COMM CTR,U.S. Senate,,REP,Dale Shelton Deas Jr.,4
Russell,0009 FT. MITCHELL COMM CTR,U.S. Senate,,REP,Jared Hudson,26
Russell,0009 FT. MITCHELL COMM CTR,U.S. Senate,,REP,Morgan Murphy,7
Russell,0009 FT. MITCHELL COMM CTR,U.S. Senate,,REP,Rodney Walker,6
Russell,0009 FT. MITCHELL COMM CTR,U.S. Senate,,REP,Seth Burton,16
Russell,0009 FT. MITCHELL COMM CTR,U.S. Senate,,REP,Steve Marshall,14
Russell,0010 CVCC,Proposed Statewide Amendment 1,,,No,67
Russell,0010 CVCC,Proposed Statewide Amendment 1,,,Yes,231
Russell,0010 CVCC,Proposed Statewide Amendment 2,,,No,110
Russell,0010 CVCC,Proposed Statewide Amendment 2,,,Yes,178
Russell,0010 CVCC,Governor,,DEM,"Chad ""Chig"" Martin",8
Russell,0010 CVCC,Governor,,DEM,Doug Jones,152
Russell,0010 CVCC,Governor,,DEM,Jamel J. Brown,15
Russell,0010 CVCC,Governor,,DEM,"Nathan ""Nate"" Mathis",6
Russell,0010 CVCC,Governor,,DEM,Will Boyd,39
Russell,0010 CVCC,Governor,,DEM,Yolanda Rochelle Flowers,31
Russell,0010 CVCC,Lieutenant Governor,,DEM,Darryl D. Perryman,150
Russell,0010 CVCC,Lieutenant Governor,,DEM,Phillip Ensler,90
Russell,0010 CVCC,"Public Service Commission, Place No. 1",,DEM,James O. Gordon,134
Russell,0010 CVCC,"Public Service Commission, Place No. 1",,DEM,Jeff Ramsey,61
Russell,0010 CVCC,"Public Service Commission, Place No. 1",,DEM,John Northrop,43
Russell,0010 CVCC,State Democratic Executive Committee,,DEM,Ciara Thomas,159
Russell,0010 CVCC,State Democratic Executive Committee,,DEM,Patsy B Parker,79
Russell,0010 CVCC,U.S. Senate,,DEM,Dakarai Larriett,106
Russell,0010 CVCC,U.S. Senate,,DEM,Everett Wess,66
Russell,0010 CVCC,U.S. Senate,,DEM,Kyle Sweetser,16
Russell,0010 CVCC,U.S. Senate,,DEM,Mark S. Wheeler II,57
Russell,0010 CVCC,Attorney General,,REP,Jay Mitchell,34
Russell,0010 CVCC,Attorney General,,REP,Katherine Robertson,10
Russell,0010 CVCC,Attorney General,,REP,Pamela L. Casey,4
Russell,0010 CVCC,Commissioner of Agriculture and Industries,,REP,Christina Woerner McInnis,13
Russell,0010 CVCC,Commissioner of Agriculture and Industries,,REP,Cory Hill,11
Russell,0010 CVCC,Commissioner of Agriculture and Industries,,REP,Jack Williams,17
Russell,0010 CVCC,Governor,,REP,"""Alabama"" Will Santivasci",3
Russell,0010 CVCC,Governor,,REP,Ken McFeeters,1
Russell,0010 CVCC,Governor,,REP,Thomas Tuberville,48
Russell,0010 CVCC,Lieutenant Governor,,REP,Pat Bishop,4
Russell,0010 CVCC,Lieutenant Governor,,REP,George Childress,3
Russell,0010 CVCC,Lieutenant Governor,,REP,Rick Pate,2
Russell,0010 CVCC,Lieutenant Governor,,REP,Stewart Hill Tankersley,1
Russell,0010 CVCC,Lieutenant Governor,,REP,Nicole Jones Wadsworth,4
Russell,0010 CVCC,Lieutenant Governor,,REP,John Wahl,25
Russell,0010 CVCC,Lieutenant Governor,,REP,Wes Allen,10
Russell,0010 CVCC,"Public Service Commission, Place No. 1",,REP,Jeremy H. Oden,7
Russell,0010 CVCC,"Public Service Commission, Place No. 1",,REP,Matt Gentry,37
Russell,0010 CVCC,"Public Service Commission, Place No. 2",,REP,Brent Woodall,7
Russell,0010 CVCC,"Public Service Commission, Place No. 2",,REP,Chris Beeker,13
Russell,0010 CVCC,"Public Service Commission, Place No. 2",,REP,Jim Zig Zeigler,23
Russell,0010 CVCC,"Public Service Commission, Place No. 2",,REP,Priscilla Andrews,3
Russell,0010 CVCC,Secretary of State,,REP,Caroleene Dobson,25
Russell,0010 CVCC,Secretary of State,,REP,Glenda S. Jackson,5
Russell,0010 CVCC,Secretary of State,,REP,Christopher Christian Horn,16
Russell,0010 CVCC,State Auditor,,REP,Andrew Sorrell,31
Russell,0010 CVCC,State Auditor,,REP,Derek Chen,14
Russell,0010 CVCC,State Treasurer,,REP,Steve Lolley,20
Russell,0010 CVCC,State Treasurer,,REP,Young Boozer,23
Russell,0010 CVCC,U.S. Senate,,REP,Barry Moore,27
Russell,0010 CVCC,U.S. Senate,,REP,Dale Shelton Deas Jr.,1
Russell,0010 CVCC,U.S. Senate,,REP,Jared Hudson,4
Russell,0010 CVCC,U.S. Senate,,REP,Morgan Murphy,2
Russell,0010 CVCC,U.S. Senate,,REP,Rodney Walker,0
Russell,0010 CVCC,U.S. Senate,,REP,Seth Burton,7
Russell,0010 CVCC,U.S. Senate,,REP,Steve Marshall,9
Russell,0011 CRAWFORD COMM CTR,Proposed Statewide Amendment 1,,,No,65
Russell,0011 CRAWFORD COMM CTR,Proposed Statewide Amendment 1,,,Yes,471
Russell,0011 CRAWFORD COMM CTR,Proposed Statewide Amendment 2,,,No,201
Russell,0011 CRAWFORD COMM CTR,Proposed Statewide Amendment 2,,,Yes,322
Russell,0011 CRAWFORD COMM CTR,Governor,,DEM,"Chad ""Chig"" Martin",3
Russell,0011 CRAWFORD COMM CTR,Governor,,DEM,Doug Jones,137
Russell,0011 CRAWFORD COMM CTR,Governor,,DEM,Jamel J. Brown,14
Russell,0011 CRAWFORD COMM CTR,Governor,,DEM,"Nathan ""Nate"" Mathis",7
Russell,0011 CRAWFORD COMM CTR,Governor,,DEM,Will Boyd,19
Russell,0011 CRAWFORD COMM CTR,Governor,,DEM,Yolanda Rochelle Flowers,26
Russell,0011 CRAWFORD COMM CTR,Lieutenant Governor,,DEM,Darryl D. Perryman,120
Russell,0011 CRAWFORD COMM CTR,Lieutenant Governor,,DEM,Phillip Ensler,76
Russell,0011 CRAWFORD COMM CTR,"Public Service Commission, Place No. 1",,DEM,James O. Gordon,96
Russell,0011 CRAWFORD COMM CTR,"Public Service Commission, Place No. 1",,DEM,Jeff Ramsey,56
Russell,0011 CRAWFORD COMM CTR,"Public Service Commission, Place No. 1",,DEM,John Northrop,37
Russell,0011 CRAWFORD COMM CTR,State Democratic Executive Committee,,DEM,Ciara Thomas,111
Russell,0011 CRAWFORD COMM CTR,State Democratic Executive Committee,,DEM,Patsy B Parker,76
Russell,0011 CRAWFORD COMM CTR,U.S. Senate,,DEM,Dakarai Larriett,87
Russell,0011 CRAWFORD COMM CTR,U.S. Senate,,DEM,Everett Wess,50
Russell,0011 CRAWFORD COMM CTR,U.S. Senate,,DEM,Kyle Sweetser,20
Russell,0011 CRAWFORD COMM CTR,U.S. Senate,,DEM,Mark S. Wheeler II,39
Russell,0011 CRAWFORD COMM CTR,Attorney General,,REP,Jay Mitchell,172
Russell,0011 CRAWFORD COMM CTR,Attorney General,,REP,Katherine Robertson,82
Russell,0011 CRAWFORD COMM CTR,Attorney General,,REP,Pamela L. Casey,67
Russell,0011 CRAWFORD COMM CTR,Commissioner of Agriculture and Industries,,REP,Christina Woerner McInnis,100
Russell,0011 CRAWFORD COMM CTR,Commissioner of Agriculture and Industries,,REP,Cory Hill,136
Russell,0011 CRAWFORD COMM CTR,Commissioner of Agriculture and Industries,,REP,Jack Williams,76
Russell,0011 CRAWFORD COMM CTR,Governor,,REP,"""Alabama"" Will Santivasci",14
Russell,0011 CRAWFORD COMM CTR,Governor,,REP,Ken McFeeters,21
Russell,0011 CRAWFORD COMM CTR,Governor,,REP,Thomas Tuberville,307
Russell,0011 CRAWFORD COMM CTR,Lieutenant Governor,,REP,Pat Bishop,20
Russell,0011 CRAWFORD COMM CTR,Lieutenant Governor,,REP,George Childress,7
Russell,0011 CRAWFORD COMM CTR,Lieutenant Governor,,REP,Rick Pate,25
Russell,0011 CRAWFORD COMM CTR,Lieutenant Governor,,REP,Stewart Hill Tankersley,5
Russell,0011 CRAWFORD COMM CTR,Lieutenant Governor,,REP,Nicole Jones Wadsworth,17
Russell,0011 CRAWFORD COMM CTR,Lieutenant Governor,,REP,John Wahl,163
Russell,0011 CRAWFORD COMM CTR,Lieutenant Governor,,REP,Wes Allen,93
Russell,0011 CRAWFORD COMM CTR,"Public Service Commission, Place No. 1",,REP,Jeremy H. Oden,58
Russell,0011 CRAWFORD COMM CTR,"Public Service Commission, Place No. 1",,REP,Matt Gentry,248
Russell,0011 CRAWFORD COMM CTR,"Public Service Commission, Place No. 2",,REP,Brent Woodall,64
Russell,0011 CRAWFORD COMM CTR,"Public Service Commission, Place No. 2",,REP,Chris Beeker,84
Russell,0011 CRAWFORD COMM CTR,"Public Service Commission, Place No. 2",,REP,Jim Zig Zeigler,127
Russell,0011 CRAWFORD COMM CTR,"Public Service Commission, Place No. 2",,REP,Priscilla Andrews,39
Russell,0011 CRAWFORD COMM CTR,Secretary of State,,REP,Caroleene Dobson,214
Russell,0011 CRAWFORD COMM CTR,Secretary of State,,REP,Glenda S. Jackson,32
Russell,0011 CRAWFORD COMM CTR,Secretary of State,,REP,Christopher Christian Horn,70
Russell,0011 CRAWFORD COMM CTR,State Auditor,,REP,Andrew Sorrell,208
Russell,0011 CRAWFORD COMM CTR,State Auditor,,REP,Derek Chen,103
Russell,0011 CRAWFORD COMM CTR,State Senate,27,REP,Doug Cannon,66
Russell,0011 CRAWFORD COMM CTR,State Senate,27,REP,Jay Hovey,247
Russell,0011 CRAWFORD COMM CTR,State Treasurer,,REP,Steve Lolley,119
Russell,0011 CRAWFORD COMM CTR,State Treasurer,,REP,Young Boozer,200
Russell,0011 CRAWFORD COMM CTR,U.S. Senate,,REP,Barry Moore,134
Russell,0011 CRAWFORD COMM CTR,U.S. Senate,,REP,Dale Shelton Deas Jr.,2
Russell,0011 CRAWFORD COMM CTR,U.S. Senate,,REP,Jared Hudson,66
Russell,0011 CRAWFORD COMM CTR,U.S. Senate,,REP,Morgan Murphy,8
Russell,0011 CRAWFORD COMM CTR,U.S. Senate,,REP,Rodney Walker,21
Russell,0011 CRAWFORD COMM CTR,U.S. Senate,,REP,Seth Burton,28
Russell,0011 CRAWFORD COMM CTR,U.S. Senate,,REP,Steve Marshall,63
Russell,0012 DIXIE VFD,Proposed Statewide Amendment 1,,,No,23
Russell,0012 DIXIE VFD,Proposed Statewide Amendment 1,,,Yes,97
Russell,0012 DIXIE VFD,Proposed Statewide Amendment 2,,,No,50
Russell,0012 DIXIE VFD,Proposed Statewide Amendment 2,,,Yes,67
Russell,0012 DIXIE VFD,Governor,,DEM,"Chad ""Chig"" Martin",1
Russell,0012 DIXIE VFD,Governor,,DEM,Doug Jones,33
Russell,0012 DIXIE VFD,Governor,,DEM,Jamel J. Brown,1
Russell,0012 DIXIE VFD,Governor,,DEM,"Nathan ""Nate"" Mathis",1
Russell,0012 DIXIE VFD,Governor,,DEM,Will Boyd,3
Russell,0012 DIXIE VFD,Governor,,DEM,Yolanda Rochelle Flowers,4
Russell,0012 DIXIE VFD,Lieutenant Governor,,DEM,Darryl D. Perryman,22
Russell,0012 DIXIE VFD,Lieutenant Governor,,DEM,Phillip Ensler,18
Russell,0012 DIXIE VFD,"Public Service Commission, Place No. 1",,DEM,James O. Gordon,16
Russell,0012 DIXIE VFD,"Public Service Commission, Place No. 1",,DEM,Jeff Ramsey,22
Russell,0012 DIXIE VFD,"Public Service Commission, Place No. 1",,DEM,John Northrop,3
Russell,0012 DIXIE VFD,State Democratic Executive Committee,,DEM,Ciara Thomas,16
Russell,0012 DIXIE VFD,State Democratic Executive Committee,,DEM,Patsy B Parker,22
Russell,0012 DIXIE VFD,U.S. Senate,,DEM,Dakarai Larriett,21
Russell,0012 DIXIE VFD,U.S. Senate,,DEM,Everett Wess,6
Russell,0012 DIXIE VFD,U.S. Senate,,DEM,Kyle Sweetser,3
Russell,0012 DIXIE VFD,U.S. Senate,,DEM,Mark S. Wheeler II,10
Russell,0012 DIXIE VFD,Attorney General,,REP,Jay Mitchell,35
Russell,0012 DIXIE VFD,Attorney General,,REP,Katherine Robertson,28
Russell,0012 DIXIE VFD,Attorney General,,REP,Pamela L. Casey,10
Russell,0012 DIXIE VFD,Commissioner of Agriculture and Industries,,REP,Christina Woerner McInnis,18
Russell,0012 DIXIE VFD,Commissioner of Agriculture and Industries,,REP,Cory Hill,39
Russell,0012 DIXIE VFD,Commissioner of Agriculture and Industries,,REP,Jack Williams,9
Russell,0012 DIXIE VFD,Governor,,REP,"""Alabama"" Will Santivasci",1
Russell,0012 DIXIE VFD,Governor,,REP,Ken McFeeters,4
Russell,0012 DIXIE VFD,Governor,,REP,Thomas Tuberville,75
Russell,0012 DIXIE VFD,Lieutenant Governor,,REP,Pat Bishop,1
Russell,0012 DIXIE VFD,Lieutenant Governor,,REP,George Childress,1
Russell,0012 DIXIE VFD,Lieutenant Governor,,REP,Rick Pate,10
Russell,0012 DIXIE VFD,Lieutenant Governor,,REP,Stewart Hill Tankersley,1
Russell,0012 DIXIE VFD,Lieutenant Governor,,REP,Nicole Jones Wadsworth,1
Russell,0012 DIXIE VFD,Lieutenant Governor,,REP,John Wahl,36
Russell,0012 DIXIE VFD,Lieutenant Governor,,REP,Wes Allen,21
Russell,0012 DIXIE VFD,"Public Service Commission, Place No. 1",,REP,Jeremy H. Oden,16
Russell,0012 DIXIE VFD,"Public Service Commission, Place No. 1",,REP,Matt Gentry,43
Russell,0012 DIXIE VFD,"Public Service Commission, Place No. 2",,REP,Brent Woodall,10
Russell,0012 DIXIE VFD,"Public Service Commission, Place No. 2",,REP,Chris Beeker,20
Russell,0012 DIXIE VFD,"Public Service Commission, Place No. 2",,REP,Jim Zig Zeigler,35
Russell,0012 DIXIE VFD,"Public Service Commission, Place No. 2",,REP,Priscilla Andrews,6
Russell,0012 DIXIE VFD,Secretary of State,,REP,Caroleene Dobson,51
Russell,0012 DIXIE VFD,Secretary of State,,REP,Glenda S. Jackson,5
Russell,0012 DIXIE VFD,Secretary of State,,REP,Christopher Christian Horn,12
Russell,0012 DIXIE VFD,State Auditor,,REP,Andrew Sorrell,40
Russell,0012 DIXIE VFD,State Auditor,,REP,Derek Chen,22
Russell,0012 DIXIE VFD,State Senate,27,REP,Doug Cannon,24
Russell,0012 DIXIE VFD,State Senate,27,REP,Jay Hovey,49
Russell,0012 DIXIE VFD,State Treasurer,,REP,Steve Lolley,23
Russell,0012 DIXIE VFD,State Treasurer,,REP,Young Boozer,45
Russell,0012 DIXIE VFD,U.S. Senate,,REP,Barry Moore,43
Russell,0012 DIXIE VFD,U.S. Senate,,REP,Dale Shelton Deas Jr.,3
Russell,0012 DIXIE VFD,U.S. Senate,,REP,Jared Hudson,10
Russell,0012 DIXIE VFD,U.S. Senate,,REP,Morgan Murphy,0
Russell,0012 DIXIE VFD,U.S. Senate,,REP,Rodney Walker,0
Russell,0012 DIXIE VFD,U.S. Senate,,REP,Seth Burton,5
Russell,0012 DIXIE VFD,U.S. Senate,,REP,Steve Marshall,15
Russell,0013 COTTONTON VFD,Proposed Statewide Amendment 1,,,No,22
Russell,0013 COTTONTON VFD,Proposed Statewide Amendment 1,,,Yes,118
Russell,0013 COTTONTON VFD,Proposed Statewide Amendment 2,,,No,64
Russell,0013 COTTONTON VFD,Proposed Statewide Amendment 2,,,Yes,74
Russell,0013 COTTONTON VFD,Governor,,DEM,"Chad ""Chig"" Martin",3
Russell,0013 COTTONTON VFD,Governor,,DEM,Doug Jones,27
Russell,0013 COTTONTON VFD,Governor,,DEM,Jamel J. Brown,4
Russell,0013 COTTONTON VFD,Governor,,DEM,"Nathan ""Nate"" Mathis",3
Russell,0013 COTTONTON VFD,Governor,,DEM,Will Boyd,6
Russell,0013 COTTONTON VFD,Governor,,DEM,Yolanda Rochelle Flowers,9
Russell,0013 COTTONTON VFD,Lieutenant Governor,,DEM,Darryl D. Perryman,22
Russell,0013 COTTONTON VFD,Lieutenant Governor,,DEM,Phillip Ensler,26
Russell,0013 COTTONTON VFD,"Public Service Commission, Place No. 1",,DEM,James O. Gordon,31
Russell,0013 COTTONTON VFD,"Public Service Commission, Place No. 1",,DEM,Jeff Ramsey,7
Russell,0013 COTTONTON VFD,"Public Service Commission, Place No. 1",,DEM,John Northrop,9
Russell,0013 COTTONTON VFD,State Democratic Executive Committee,,DEM,Courtney Lane,11
Russell,0013 COTTONTON VFD,State Democratic Executive Committee,,DEM,Harriet M Tolbert,35
Russell,0013 COTTONTON VFD,State Democratic Executive Committee,,DEM,Jermaine Phillips,25
Russell,0013 COTTONTON VFD,State Democratic Executive Committee,,DEM,Ralph McKinnon,22
Russell,0013 COTTONTON VFD,State House,84,DEM,Berry Forte,26
Russell,0013 COTTONTON VFD,State House,84,DEM,Brittani O'Hara-Grant,23
Russell,0013 COTTONTON VFD,U.S. Senate,,DEM,Dakarai Larriett,19
Russell,0013 COTTONTON VFD,U.S. Senate,,DEM,Everett Wess,19
Russell,0013 COTTONTON VFD,U.S. Senate,,DEM,Kyle Sweetser,7
Russell,0013 COTTONTON VFD,U.S. Senate,,DEM,Mark S. Wheeler II,2
Russell,0013 COTTONTON VFD,Attorney General,,REP,Jay Mitchell,44
Russell,0013 COTTONTON VFD,Attorney General,,REP,Katherine Robertson,31
Russell,0013 COTTONTON VFD,Attorney General,,REP,Pamela L. Casey,17
Russell,0013 COTTONTON VFD,Commissioner of Agriculture and Industries,,REP,Christina Woerner McInnis,30
Russell,0013 COTTONTON VFD,Commissioner of Agriculture and Industries,,REP,Cory Hill,38
Russell,0013 COTTONTON VFD,Commissioner of Agriculture and Industries,,REP,Jack Williams,21
Russell,0013 COTTONTON VFD,Governor,,REP,"""Alabama"" Will Santivasci",5
Russell,0013 COTTONTON VFD,Governor,,REP,Ken McFeeters,3
Russell,0013 COTTONTON VFD,Governor,,REP,Thomas Tuberville,86
Russell,0013 COTTONTON VFD,Lieutenant Governor,,REP,Pat Bishop,1
Russell,0013 COTTONTON VFD,Lieutenant Governor,,REP,George Childress,0
Russell,0013 COTTONTON VFD,Lieutenant Governor,,REP,Rick Pate,10
Russell,0013 COTTONTON VFD,Lieutenant Governor,,REP,Stewart Hill Tankersley,0
Russell,0013 COTTONTON VFD,Lieutenant Governor,,REP,Nicole Jones Wadsworth,4
Russell,0013 COTTONTON VFD,Lieutenant Governor,,REP,John Wahl,59
Russell,0013 COTTONTON VFD,Lieutenant Governor,,REP,Wes Allen,18
Russell,0013 COTTONTON VFD,"Public Service Commission, Place No. 1",,REP,Jeremy H. Oden,10
Russell,0013 COTTONTON VFD,"Public Service Commission, Place No. 1",,REP,Matt Gentry,79
Russell,0013 COTTONTON VFD,"Public Service Commission, Place No. 2",,REP,Brent Woodall,18
Russell,0013 COTTONTON VFD,"Public Service Commission, Place No. 2",,REP,Chris Beeker,24
Russell,0013 COTTONTON VFD,"Public Service Commission, Place No. 2",,REP,Jim Zig Zeigler,36
Russell,0013 COTTONTON VFD,"Public Service Commission, Place No. 2",,REP,Priscilla Andrews,9
Russell,0013 COTTONTON VFD,Secretary of State,,REP,Caroleene Dobson,60
Russell,0013 COTTONTON VFD,Secretary of State,,REP,Glenda S. Jackson,8
Russell,0013 COTTONTON VFD,Secretary of State,,REP,Christopher Christian Horn,21
Russell,0013 COTTONTON VFD,State Auditor,,REP,Andrew Sorrell,60
Russell,0013 COTTONTON VFD,State Auditor,,REP,Derek Chen,28
Russell,0013 COTTONTON VFD,State Treasurer,,REP,Steve Lolley,27
Russell,0013 COTTONTON VFD,State Treasurer,,REP,Young Boozer,59
Russell,0013 COTTONTON VFD,U.S. Senate,,REP,Barry Moore,41
Russell,0013 COTTONTON VFD,U.S. Senate,,REP,Dale Shelton Deas Jr.,3
Russell,0013 COTTONTON VFD,U.S. Senate,,REP,Jared Hudson,19
Russell,0013 COTTONTON VFD,U.S. Senate,,REP,Morgan Murphy,1
Russell,0013 COTTONTON VFD,U.S. Senate,,REP,Rodney Walker,6
Russell,0013 COTTONTON VFD,U.S. Senate,,REP,Seth Burton,5
Russell,0013 COTTONTON VFD,U.S. Senate,,REP,Steve Marshall,18
Russell,0014 PITTSVIEW FIRE DEPT,Proposed Statewide Amendment 1,,,No,21
Russell,0014 PITTSVIEW FIRE DEPT,Proposed Statewide Amendment 1,,,Yes,136
Russell,0014 PITTSVIEW FIRE DEPT,Proposed Statewide Amendment 2,,,No,32
Russell,0014 PITTSVIEW FIRE DEPT,Proposed Statewide Amendment 2,,,Yes,121
Russell,0014 PITTSVIEW FIRE DEPT,Governor,,DEM,"Chad ""Chig"" Martin",1
Russell,0014 PITTSVIEW FIRE DEPT,Governor,,DEM,Doug Jones,100
Russell,0014 PITTSVIEW FIRE DEPT,Governor,,DEM,Jamel J. Brown,8
Russell,0014 PITTSVIEW FIRE DEPT,Governor,,DEM,"Nathan ""Nate"" Mathis",2
Russell,0014 PITTSVIEW FIRE DEPT,Governor,,DEM,Will Boyd,11
Russell,0014 PITTSVIEW FIRE DEPT,Governor,,DEM,Yolanda Rochelle Flowers,10
Russell,0014 PITTSVIEW FIRE DEPT,Lieutenant Governor,,DEM,Darryl D. Perryman,38
Russell,0014 PITTSVIEW FIRE DEPT,Lieutenant Governor,,DEM,Phillip Ensler,84
Russell,0014 PITTSVIEW FIRE DEPT,"Public Service Commission, Place No. 1",,DEM,James O. Gordon,109
Russell,0014 PITTSVIEW FIRE DEPT,"Public Service Commission, Place No. 1",,DEM,Jeff Ramsey,15
Russell,0014 PITTSVIEW FIRE DEPT,"Public Service Commission, Place No. 1",,DEM,John Northrop,1
Russell,0014 PITTSVIEW FIRE DEPT,State Democratic Executive Committee,,DEM,Courtney Lane,18
Russell,0014 PITTSVIEW FIRE DEPT,State Democratic Executive Committee,,DEM,Harriet M Tolbert,106
Russell,0014 PITTSVIEW FIRE DEPT,State Democratic Executive Committee,,DEM,Jermaine Phillips,44
Russell,0014 PITTSVIEW FIRE DEPT,State Democratic Executive Committee,,DEM,Ralph McKinnon,76
Russell,0014 PITTSVIEW FIRE DEPT,State House,84,DEM,Berry Forte,94
Russell,0014 PITTSVIEW FIRE DEPT,State House,84,DEM,Brittani O'Hara-Grant,26
Russell,0014 PITTSVIEW FIRE DEPT,U.S. Senate,,DEM,Dakarai Larriett,29
Russell,0014 PITTSVIEW FIRE DEPT,U.S. Senate,,DEM,Everett Wess,80
Russell,0014 PITTSVIEW FIRE DEPT,U.S. Senate,,DEM,Kyle Sweetser,6
Russell,0014 PITTSVIEW FIRE DEPT,U.S. Senate,,DEM,Mark S. Wheeler II,8
Russell,0014 PITTSVIEW FIRE DEPT,Attorney General,,REP,Jay Mitchell,14
Russell,0014 PITTSVIEW FIRE DEPT,Attorney General,,REP,Katherine Robertson,8
Russell,0014 PITTSVIEW FIRE DEPT,Attorney General,,REP,Pamela L. Casey,7
Russell,0014 PITTSVIEW FIRE DEPT,Commissioner of Agriculture and Industries,,REP,Christina Woerner McInnis,5
Russell,0014 PITTSVIEW FIRE DEPT,Commissioner of Agriculture and Industries,,REP,Cory Hill,16
Russell,0014 PITTSVIEW FIRE DEPT,Commissioner of Agriculture and Industries,,REP,Jack Williams,6
Russell,0014 PITTSVIEW FIRE DEPT,Governor,,REP,"""Alabama"" Will Santivasci",2
Russell,0014 PITTSVIEW FIRE DEPT,Governor,,REP,Ken McFeeters,1
Russell,0014 PITTSVIEW FIRE DEPT,Governor,,REP,Thomas Tuberville,26
Russell,0014 PITTSVIEW FIRE DEPT,Lieutenant Governor,,REP,Pat Bishop,3
Russell,0014 PITTSVIEW FIRE DEPT,Lieutenant Governor,,REP,George Childress,0
Russell,0014 PITTSVIEW FIRE DEPT,Lieutenant Governor,,REP,Rick Pate,5
Russell,0014 PITTSVIEW FIRE DEPT,Lieutenant Governor,,REP,Stewart Hill Tankersley,0
Russell,0014 PITTSVIEW FIRE DEPT,Lieutenant Governor,,REP,Nicole Jones Wadsworth,1
Russell,0014 PITTSVIEW FIRE DEPT,Lieutenant Governor,,REP,John Wahl,14
Russell,0014 PITTSVIEW FIRE DEPT,Lieutenant Governor,,REP,Wes Allen,5
Russell,0014 PITTSVIEW FIRE DEPT,"Public Service Commission, Place No. 1",,REP,Jeremy H. Oden,2
Russell,0014 PITTSVIEW FIRE DEPT,"Public Service Commission, Place No. 1",,REP,Matt Gentry,25
Russell,0014 PITTSVIEW FIRE DEPT,"Public Service Commission, Place No. 2",,REP,Brent Woodall,6
Russell,0014 PITTSVIEW FIRE DEPT,"Public Service Commission, Place No. 2",,REP,Chris Beeker,8
Russell,0014 PITTSVIEW FIRE DEPT,"Public Service Commission, Place No. 2",,REP,Jim Zig Zeigler,10
Russell,0014 PITTSVIEW FIRE DEPT,"Public Service Commission, Place No. 2",,REP,Priscilla Andrews,3
Russell,0014 PITTSVIEW FIRE DEPT,Secretary of State,,REP,Caroleene Dobson,16
Russell,0014 PITTSVIEW FIRE DEPT,Secretary of State,,REP,Glenda S. Jackson,2
Russell,0014 PITTSVIEW FIRE DEPT,Secretary of State,,REP,Christopher Christian Horn,8
Russell,0014 PITTSVIEW FIRE DEPT,State Auditor,,REP,Andrew Sorrell,17
Russell,0014 PITTSVIEW FIRE DEPT,State Auditor,,REP,Derek Chen,8
Russell,0014 PITTSVIEW FIRE DEPT,State Treasurer,,REP,Steve Lolley,12
Russell,0014 PITTSVIEW FIRE DEPT,State Treasurer,,REP,Young Boozer,13
Russell,0014 PITTSVIEW FIRE DEPT,U.S. Senate,,REP,Barry Moore,6
Russell,0014 PITTSVIEW FIRE DEPT,U.S. Senate,,REP,Dale Shelton Deas Jr.,1
Russell,0014 PITTSVIEW FIRE DEPT,U.S. Senate,,REP,Jared Hudson,7
Russell,0014 PITTSVIEW FIRE DEPT,U.S. Senate,,REP,Morgan Murphy,0
Russell,0014 PITTSVIEW FIRE DEPT,U.S. Senate,,REP,Rodney Walker,1
Russell,0014 PITTSVIEW FIRE DEPT,U.S. Senate,,REP,Seth Burton,3
Russell,0014 PITTSVIEW FIRE DEPT,U.S. Senate,,REP,Steve Marshall,7
Russell,0015 SEALE COURTHOUSE,Proposed Statewide Amendment 1,,,No,50
Russell,0015 SEALE COURTHOUSE,Proposed Statewide Amendment 1,,,Yes,235
Russell,0015 SEALE COURTHOUSE,Proposed Statewide Amendment 2,,,No,123
Russell,0015 SEALE COURTHOUSE,Proposed Statewide Amendment 2,,,Yes,159
Russell,0015 SEALE COURTHOUSE,Governor,,DEM,"Chad ""Chig"" Martin",3
Russell,0015 SEALE COURTHOUSE,Governor,,DEM,Doug Jones,97
Russell,0015 SEALE COURTHOUSE,Governor,,DEM,Jamel J. Brown,20
Russell,0015 SEALE COURTHOUSE,Governor,,DEM,"Nathan ""Nate"" Mathis",6
Russell,0015 SEALE COURTHOUSE,Governor,,DEM,Will Boyd,8
Russell,0015 SEALE COURTHOUSE,Governor,,DEM,Yolanda Rochelle Flowers,27
Russell,0015 SEALE COURTHOUSE,Lieutenant Governor,,DEM,Darryl D. Perryman,72
Russell,0015 SEALE COURTHOUSE,Lieutenant Governor,,DEM,Phillip Ensler,86
Russell,0015 SEALE COURTHOUSE,"Public Service Commission, Place No. 1",,DEM,James O. Gordon,90
Russell,0015 SEALE COURTHOUSE,"Public Service Commission, Place No. 1",,DEM,Jeff Ramsey,34
Russell,0015 SEALE COURTHOUSE,"Public Service Commission, Place No. 1",,DEM,John Northrop,35
Russell,0015 SEALE COURTHOUSE,State Democratic Executive Committee,,DEM,Ciara Thomas,0
Russell,0015 SEALE COURTHOUSE,State Democratic Executive Committee,,DEM,Courtney Lane,52
Russell,0015 SEALE COURTHOUSE,State Democratic Executive Committee,,DEM,Harriet M Tolbert,104
Russell,0015 SEALE COURTHOUSE,State Democratic Executive Committee,,DEM,Jermaine Phillips,101
Russell,0015 SEALE COURTHOUSE,State Democratic Executive Committee,,DEM,Patsy B Parker,0
Russell,0015 SEALE COURTHOUSE,State Democratic Executive Committee,,DEM,Ralph McKinnon,56
Russell,0015 SEALE COURTHOUSE,State House,84,DEM,Berry Forte,101
Russell,0015 SEALE COURTHOUSE,State House,84,DEM,Brittani O'Hara-Grant,52
Russell,0015 SEALE COURTHOUSE,U.S. Senate,,DEM,Dakarai Larriett,49
Russell,0015 SEALE COURTHOUSE,U.S. Senate,,DEM,Everett Wess,55
Russell,0015 SEALE COURTHOUSE,U.S. Senate,,DEM,Kyle Sweetser,26
Russell,0015 SEALE COURTHOUSE,U.S. Senate,,DEM,Mark S. Wheeler II,28
Russell,0015 SEALE COURTHOUSE,Attorney General,,REP,Jay Mitchell,73
Russell,0015 SEALE COURTHOUSE,Attorney General,,REP,Katherine Robertson,27
Russell,0015 SEALE COURTHOUSE,Attorney General,,REP,Pamela L. Casey,27
Russell,0015 SEALE COURTHOUSE,Commissioner of Agriculture and Industries,,REP,Christina Woerner McInnis,53
Russell,0015 SEALE COURTHOUSE,Commissioner of Agriculture and Industries,,REP,Cory Hill,48
Russell,0015 SEALE COURTHOUSE,Commissioner of Agriculture and Industries,,REP,Jack Williams,22
Russell,0015 SEALE COURTHOUSE,Governor,,REP,"""Alabama"" Will Santivasci",4
Russell,0015 SEALE COURTHOUSE,Governor,,REP,Ken McFeeters,11
Russell,0015 SEALE COURTHOUSE,Governor,,REP,Thomas Tuberville,117
Russell,0015 SEALE COURTHOUSE,Lieutenant Governor,,REP,Pat Bishop,6
Russell,0015 SEALE COURTHOUSE,Lieutenant Governor,,REP,George Childress,2
Russell,0015 SEALE COURTHOUSE,Lieutenant Governor,,REP,Rick Pate,7
Russell,0015 SEALE COURTHOUSE,Lieutenant Governor,,REP,Stewart Hill Tankersley,2
Russell,0015 SEALE COURTHOUSE,Lieutenant Governor,,REP,Nicole Jones Wadsworth,8
Russell,0015 SEALE COURTHOUSE,Lieutenant Governor,,REP,John Wahl,76
Russell,0015 SEALE COURTHOUSE,Lieutenant Governor,,REP,Wes Allen,27
Russell,0015 SEALE COURTHOUSE,"Public Service Commission, Place No. 1",,REP,Jeremy H. Oden,23
Russell,0015 SEALE COURTHOUSE,"Public Service Commission, Place No. 1",,REP,Matt Gentry,101
Russell,0015 SEALE COURTHOUSE,"Public Service Commission, Place No. 2",,REP,Brent Woodall,28
Russell,0015 SEALE COURTHOUSE,"Public Service Commission, Place No. 2",,REP,Chris Beeker,25
Russell,0015 SEALE COURTHOUSE,"Public Service Commission, Place No. 2",,REP,Jim Zig Zeigler,54
Russell,0015 SEALE COURTHOUSE,"Public Service Commission, Place No. 2",,REP,Priscilla Andrews,19
Russell,0015 SEALE COURTHOUSE,Secretary of State,,REP,Caroleene Dobson,85
Russell,0015 SEALE COURTHOUSE,Secretary of State,,REP,Glenda S. Jackson,10
Russell,0015 SEALE COURTHOUSE,Secretary of State,,REP,Christopher Christian Horn,31
Russell,0015 SEALE COURTHOUSE,State Auditor,,REP,Andrew Sorrell,90
Russell,0015 SEALE COURTHOUSE,State Auditor,,REP,Derek Chen,33
Russell,0015 SEALE COURTHOUSE,State Senate,27,REP,Doug Cannon,0
Russell,0015 SEALE COURTHOUSE,State Senate,27,REP,Jay Hovey,0
Russell,0015 SEALE COURTHOUSE,State Treasurer,,REP,Steve Lolley,51
Russell,0015 SEALE COURTHOUSE,State Treasurer,,REP,Young Boozer,76
Russell,0015 SEALE COURTHOUSE,U.S. Senate,,REP,Barry Moore,53
Russell,0015 SEALE COURTHOUSE,U.S. Senate,,REP,Dale Shelton Deas Jr.,5
Russell,0015 SEALE COURTHOUSE,U.S. Senate,,REP,Jared Hudson,30
Russell,0015 SEALE COURTHOUSE,U.S. Senate,,REP,Morgan Murphy,3
Russell,0015 SEALE COURTHOUSE,U.S. Senate,,REP,Rodney Walker,6
Russell,0015 SEALE COURTHOUSE,U.S. Senate,,REP,Seth Burton,13
Russell,0015 SEALE COURTHOUSE,U.S. Senate,,REP,Steve Marshall,16
Russell,0016 HATCHECHUBBEE FIRE,Proposed Statewide Amendment 1,,,No,5
Russell,0016 HATCHECHUBBEE FIRE,Proposed Statewide Amendment 1,,,Yes,64
Russell,0016 HATCHECHUBBEE FIRE,Proposed Statewide Amendment 2,,,No,29
Russell,0016 HATCHECHUBBEE FIRE,Proposed Statewide Amendment 2,,,Yes,39
Russell,0016 HATCHECHUBBEE FIRE,Governor,,DEM,"Chad ""Chig"" Martin",2
Russell,0016 HATCHECHUBBEE FIRE,Governor,,DEM,Doug Jones,19
Russell,0016 HATCHECHUBBEE FIRE,Governor,,DEM,Jamel J. Brown,2
Russell,0016 HATCHECHUBBEE FIRE,Governor,,DEM,"Nathan ""Nate"" Mathis",0
Russell,0016 HATCHECHUBBEE FIRE,Governor,,DEM,Will Boyd,7
Russell,0016 HATCHECHUBBEE FIRE,Governor,,DEM,Yolanda Rochelle Flowers,1
Russell,0016 HATCHECHUBBEE FIRE,Lieutenant Governor,,DEM,Darryl D. Perryman,10
Russell,0016 HATCHECHUBBEE FIRE,Lieutenant Governor,,DEM,Phillip Ensler,24
Russell,0016 HATCHECHUBBEE FIRE,"Public Service Commission, Place No. 1",,DEM,James O. Gordon,28
Russell,0016 HATCHECHUBBEE FIRE,"Public Service Commission, Place No. 1",,DEM,Jeff Ramsey,5
Russell,0016 HATCHECHUBBEE FIRE,"Public Service Commission, Place No. 1",,DEM,John Northrop,3
Russell,0016 HATCHECHUBBEE FIRE,State Democratic Executive Committee,,DEM,Ciara Thomas,0
Russell,0016 HATCHECHUBBEE FIRE,State Democratic Executive Committee,,DEM,Courtney Lane,2
Russell,0016 HATCHECHUBBEE FIRE,State Democratic Executive Committee,,DEM,Harriet M Tolbert,31
Russell,0016 HATCHECHUBBEE FIRE,State Democratic Executive Committee,,DEM,Jermaine Phillips,12
Russell,0016 HATCHECHUBBEE FIRE,State Democratic Executive Committee,,DEM,Patsy B Parker,0
Russell,0016 HATCHECHUBBEE FIRE,State Democratic Executive Committee,,DEM,Ralph McKinnon,18
Russell,0016 HATCHECHUBBEE FIRE,State House,84,DEM,Berry Forte,23
Russell,0016 HATCHECHUBBEE FIRE,State House,84,DEM,Brittani O'Hara-Grant,9
Russell,0016 HATCHECHUBBEE FIRE,U.S. Senate,,DEM,Dakarai Larriett,7
Russell,0016 HATCHECHUBBEE FIRE,U.S. Senate,,DEM,Everett Wess,21
Russell,0016 HATCHECHUBBEE FIRE,U.S. Senate,,DEM,Kyle Sweetser,2
Russell,0016 HATCHECHUBBEE FIRE,U.S. Senate,,DEM,Mark S. Wheeler II,4
Russell,0016 HATCHECHUBBEE FIRE,Attorney General,,REP,Jay Mitchell,19
Russell,0016 HATCHECHUBBEE FIRE,Attorney General,,REP,Katherine Robertson,6
Russell,0016 HATCHECHUBBEE FIRE,Attorney General,,REP,Pamela L. Casey,6
Russell,0016 HATCHECHUBBEE FIRE,Commissioner of Agriculture and Industries,,REP,Christina Woerner McInnis,13
Russell,0016 HATCHECHUBBEE FIRE,Commissioner of Agriculture and Industries,,REP,Cory Hill,8
Russell,0016 HATCHECHUBBEE FIRE,Commissioner of Agriculture and Industries,,REP,Jack Williams,9
Russell,0016 HATCHECHUBBEE FIRE,Governor,,REP,"""Alabama"" Will Santivasci",1
Russell,0016 HATCHECHUBBEE FIRE,Governor,,REP,Ken McFeeters,0
Russell,0016 HATCHECHUBBEE FIRE,Governor,,REP,Thomas Tuberville,33
Russell,0016 HATCHECHUBBEE FIRE,Lieutenant Governor,,REP,Pat Bishop,4
Russell,0016 HATCHECHUBBEE FIRE,Lieutenant Governor,,REP,George Childress,1
Russell,0016 HATCHECHUBBEE FIRE,Lieutenant Governor,,REP,Rick Pate,1
Russell,0016 HATCHECHUBBEE FIRE,Lieutenant Governor,,REP,Stewart Hill Tankersley,2
Russell,0016 HATCHECHUBBEE FIRE,Lieutenant Governor,,REP,Nicole Jones Wadsworth,0
Russell,0016 HATCHECHUBBEE FIRE,Lieutenant Governor,,REP,John Wahl,16
Russell,0016 HATCHECHUBBEE FIRE,Lieutenant Governor,,REP,Wes Allen,7
Russell,0016 HATCHECHUBBEE FIRE,"Public Service Commission, Place No. 1",,REP,Jeremy H. Oden,6
Russell,0016 HATCHECHUBBEE FIRE,"Public Service Commission, Place No. 1",,REP,Matt Gentry,24
Russell,0016 HATCHECHUBBEE FIRE,"Public Service Commission, Place No. 2",,REP,Brent Woodall,8
Russell,0016 HATCHECHUBBEE FIRE,"Public Service Commission, Place No. 2",,REP,Chris Beeker,3
Russell,0016 HATCHECHUBBEE FIRE,"Public Service Commission, Place No. 2",,REP,Jim Zig Zeigler,14
Russell,0016 HATCHECHUBBEE FIRE,"Public Service Commission, Place No. 2",,REP,Priscilla Andrews,5
Russell,0016 HATCHECHUBBEE FIRE,Secretary of State,,REP,Caroleene Dobson,21
Russell,0016 HATCHECHUBBEE FIRE,Secretary of State,,REP,Glenda S. Jackson,3
Russell,0016 HATCHECHUBBEE FIRE,Secretary of State,,REP,Christopher Christian Horn,6
Russell,0016 HATCHECHUBBEE FIRE,State Auditor,,REP,Andrew Sorrell,27
Russell,0016 HATCHECHUBBEE FIRE,State Auditor,,REP,Derek Chen,3
Russell,0016 HATCHECHUBBEE FIRE,State Treasurer,,REP,Steve Lolley,12
Russell,0016 HATCHECHUBBEE FIRE,State Treasurer,,REP,Young Boozer,18
Russell,0016 HATCHECHUBBEE FIRE,U.S. Senate,,REP,Barry Moore,9
Russell,0016 HATCHECHUBBEE FIRE,U.S. Senate,,REP,Dale Shelton Deas Jr.,2
Russell,0016 HATCHECHUBBEE FIRE,U.S. Senate,,REP,Jared Hudson,6
Russell,0016 HATCHECHUBBEE FIRE,U.S. Senate,,REP,Morgan Murphy,0
Russell,0016 HATCHECHUBBEE FIRE,U.S. Senate,,REP,Rodney Walker,2
Russell,0016 HATCHECHUBBEE FIRE,U.S. Senate,,REP,Seth Burton,7
Russell,0016 HATCHECHUBBEE FIRE,U.S. Senate,,REP,Steve Marshall,5
Russell,0017 FIRE DEPT HURTSBORO,Proposed Statewide Amendment 1,,,No,46
Russell,0017 FIRE DEPT HURTSBORO,Proposed Statewide Amendment 1,,,Yes,265
Russell,0017 FIRE DEPT HURTSBORO,Proposed Statewide Amendment 2,,,No,90
Russell,0017 FIRE DEPT HURTSBORO,Proposed Statewide Amendment 2,,,Yes,219
Russell,0017 FIRE DEPT HURTSBORO,Governor,,DEM,"Chad ""Chig"" Martin",2
Russell,0017 FIRE DEPT HURTSBORO,Governor,,DEM,Doug Jones,157
Russell,0017 FIRE DEPT HURTSBORO,Governor,,DEM,Jamel J. Brown,30
Russell,0017 FIRE DEPT HURTSBORO,Governor,,DEM,"Nathan ""Nate"" Mathis",3
Russell,0017 FIRE DEPT HURTSBORO,Governor,,DEM,Will Boyd,45
Russell,0017 FIRE DEPT HURTSBORO,Governor,,DEM,Yolanda Rochelle Flowers,21
Russell,0017 FIRE DEPT HURTSBORO,Lieutenant Governor,,DEM,Darryl D. Perryman,123
Russell,0017 FIRE DEPT HURTSBORO,Lieutenant Governor,,DEM,Phillip Ensler,124
Russell,0017 FIRE DEPT HURTSBORO,"Public Service Commission, Place No. 1",,DEM,James O. Gordon,158
Russell,0017 FIRE DEPT HURTSBORO,"Public Service Commission, Place No. 1",,DEM,Jeff Ramsey,52
Russell,0017 FIRE DEPT HURTSBORO,"Public Service Commission, Place No. 1",,DEM,John Northrop,35
Russell,0017 FIRE DEPT HURTSBORO,State Democratic Executive Committee,,DEM,Courtney Lane,57
Russell,0017 FIRE DEPT HURTSBORO,State Democratic Executive Committee,,DEM,Harriet M Tolbert,189
Russell,0017 FIRE DEPT HURTSBORO,State Democratic Executive Committee,,DEM,Jermaine Phillips,137
Russell,0017 FIRE DEPT HURTSBORO,State Democratic Executive Committee,,DEM,Ralph McKinnon,109
Russell,0017 FIRE DEPT HURTSBORO,State House,84,DEM,Berry Forte,146
Russell,0017 FIRE DEPT HURTSBORO,State House,84,DEM,Brittani O'Hara-Grant,96
Russell,0017 FIRE DEPT HURTSBORO,U.S. Senate,,DEM,Dakarai Larriett,63
Russell,0017 FIRE DEPT HURTSBORO,U.S. Senate,,DEM,Everett Wess,111
Russell,0017 FIRE DEPT HURTSBORO,U.S. Senate,,DEM,Kyle Sweetser,32
Russell,0017 FIRE DEPT HURTSBORO,U.S. Senate,,DEM,Mark S. Wheeler II,39
Russell,0017 FIRE DEPT HURTSBORO,Attorney General,,REP,Jay Mitchell,26
Russell,0017 FIRE DEPT HURTSBORO,Attorney General,,REP,Katherine Robertson,29
Russell,0017 FIRE DEPT HURTSBORO,Attorney General,,REP,Pamela L. Casey,6
Russell,0017 FIRE DEPT HURTSBORO,Commissioner of Agriculture and Industries,,REP,Christina Woerner McInnis,22
Russell,0017 FIRE DEPT HURTSBORO,Commissioner of Agriculture and Industries,,REP,Cory Hill,18
Russell,0017 FIRE DEPT HURTSBORO,Commissioner of Agriculture and Industries,,REP,Jack Williams,18
Russell,0017 FIRE DEPT HURTSBORO,Governor,,REP,"""Alabama"" Will Santivasci",0
Russell,0017 FIRE DEPT HURTSBORO,Governor,,REP,Ken McFeeters,4
Russell,0017 FIRE DEPT HURTSBORO,Governor,,REP,Thomas Tuberville,61
Russell,0017 FIRE DEPT HURTSBORO,Lieutenant Governor,,REP,Pat Bishop,2
Russell,0017 FIRE DEPT HURTSBORO,Lieutenant Governor,,REP,George Childress,0
Russell,0017 FIRE DEPT HURTSBORO,Lieutenant Governor,,REP,Rick Pate,3
Russell,0017 FIRE DEPT HURTSBORO,Lieutenant Governor,,REP,Stewart Hill Tankersley,2
Russell,0017 FIRE DEPT HURTSBORO,Lieutenant Governor,,REP,Nicole Jones Wadsworth,4
Russell,0017 FIRE DEPT HURTSBORO,Lieutenant Governor,,REP,John Wahl,36
Russell,0017 FIRE DEPT HURTSBORO,Lieutenant Governor,,REP,Wes Allen,16
Russell,0017 FIRE DEPT HURTSBORO,"Public Service Commission, Place No. 1",,REP,Jeremy H. Oden,12
Russell,0017 FIRE DEPT HURTSBORO,"Public Service Commission, Place No. 1",,REP,Matt Gentry,44
Russell,0017 FIRE DEPT HURTSBORO,"Public Service Commission, Place No. 2",,REP,Brent Woodall,5
Russell,0017 FIRE DEPT HURTSBORO,"Public Service Commission, Place No. 2",,REP,Chris Beeker,33
Russell,0017 FIRE DEPT HURTSBORO,"Public Service Commission, Place No. 2",,REP,Jim Zig Zeigler,16
Russell,0017 FIRE DEPT HURTSBORO,"Public Service Commission, Place No. 2",,REP,Priscilla Andrews,4
Russell,0017 FIRE DEPT HURTSBORO,Secretary of State,,REP,Caroleene Dobson,48
Russell,0017 FIRE DEPT HURTSBORO,Secretary of State,,REP,Glenda S. Jackson,8
Russell,0017 FIRE DEPT HURTSBORO,Secretary of State,,REP,Christopher Christian Horn,4
Russell,0017 FIRE DEPT HURTSBORO,State Auditor,,REP,Andrew Sorrell,36
Russell,0017 FIRE DEPT HURTSBORO,State Auditor,,REP,Derek Chen,20
Russell,0017 FIRE DEPT HURTSBORO,State Treasurer,,REP,Steve Lolley,14
Russell,0017 FIRE DEPT HURTSBORO,State Treasurer,,REP,Young Boozer,45
Russell,0017 FIRE DEPT HURTSBORO,U.S. Senate,,REP,Barry Moore,41
Russell,0017 FIRE DEPT HURTSBORO,U.S. Senate,,REP,Dale Shelton Deas Jr.,2
Russell,0017 FIRE DEPT HURTSBORO,U.S. Senate,,REP,Jared Hudson,8
Russell,0017 FIRE DEPT HURTSBORO,U.S. Senate,,REP,Morgan Murphy,1
Russell,0017 FIRE DEPT HURTSBORO,U.S. Senate,,REP,Rodney Walker,2
Russell,0017 FIRE DEPT HURTSBORO,U.S. Senate,,REP,Seth Burton,1
Russell,0017 FIRE DEPT HURTSBORO,U.S. Senate,,REP,Steve Marshall,8
Russell,0018 AUSTIN SUMBRY PARK,Proposed Statewide Amendment 1,,,No,65
Russell,0018 AUSTIN SUMBRY PARK,Proposed Statewide Amendment 1,,,Yes,249
Russell,0018 AUSTIN SUMBRY PARK,Proposed Statewide Amendment 2,,,No,98
Russell,0018 AUSTIN SUMBRY PARK,Proposed Statewide Amendment 2,,,Yes,210
Russell,0018 AUSTIN SUMBRY PARK,Governor,,DEM,"Chad ""Chig"" Martin",7
Russell,0018 AUSTIN SUMBRY PARK,Governor,,DEM,Doug Jones,176
Russell,0018 AUSTIN SUMBRY PARK,Governor,,DEM,Jamel J. Brown,26
Russell,0018 AUSTIN SUMBRY PARK,Governor,,DEM,"Nathan ""Nate"" Mathis",7
Russell,0018 AUSTIN SUMBRY PARK,Governor,,DEM,Will Boyd,43
Russell,0018 AUSTIN SUMBRY PARK,Governor,,DEM,Yolanda Rochelle Flowers,38
Russell,0018 AUSTIN SUMBRY PARK,Lieutenant Governor,,DEM,Darryl D. Perryman,179
Russell,0018 AUSTIN SUMBRY PARK,Lieutenant Governor,,DEM,Phillip Ensler,106
Russell,0018 AUSTIN SUMBRY PARK,"Public Service Commission, Place No. 1",,DEM,James O. Gordon,195
Russell,0018 AUSTIN SUMBRY PARK,"Public Service Commission, Place No. 1",,DEM,Jeff Ramsey,72
Russell,0018 AUSTIN SUMBRY PARK,"Public Service Commission, Place No. 1",,DEM,John Northrop,21
Russell,0018 AUSTIN SUMBRY PARK,State Democratic Executive Committee,,DEM,Ciara Thomas,165
Russell,0018 AUSTIN SUMBRY PARK,State Democratic Executive Committee,,DEM,Courtney Lane,0
Russell,0018 AUSTIN SUMBRY PARK,State Democratic Executive Committee,,DEM,Harriet M Tolbert,6
Russell,0018 AUSTIN SUMBRY PARK,State Democratic Executive Committee,,DEM,Jermaine Phillips,3
Russell,0018 AUSTIN SUMBRY PARK,State Democratic Executive Committee,,DEM,Patsy B Parker,114
Russell,0018 AUSTIN SUMBRY PARK,State Democratic Executive Committee,,DEM,Ralph McKinnon,3
Russell,0018 AUSTIN SUMBRY PARK,State House,84,DEM,Berry Forte,7
Russell,0018 AUSTIN SUMBRY PARK,State House,84,DEM,Brittani O'Hara-Grant,0
Russell,0018 AUSTIN SUMBRY PARK,U.S. Senate,,DEM,Dakarai Larriett,121
Russell,0018 AUSTIN SUMBRY PARK,U.S. Senate,,DEM,Everett Wess,97
Russell,0018 AUSTIN SUMBRY PARK,U.S. Senate,,DEM,Kyle Sweetser,20
Russell,0018 AUSTIN SUMBRY PARK,U.S. Senate,,DEM,Mark S. Wheeler II,51
Russell,0018 AUSTIN SUMBRY PARK,Attorney General,,REP,Jay Mitchell,10
Russell,0018 AUSTIN SUMBRY PARK,Attorney General,,REP,Katherine Robertson,6
Russell,0018 AUSTIN SUMBRY PARK,Attorney General,,REP,Pamela L. Casey,6
Russell,0018 AUSTIN SUMBRY PARK,Commissioner of Agriculture and Industries,,REP,Christina Woerner McInnis,10
Russell,0018 AUSTIN SUMBRY PARK,Commissioner of Agriculture and Industries,,REP,Cory Hill,3
Russell,0018 AUSTIN SUMBRY PARK,Commissioner of Agriculture and Industries,,REP,Jack Williams,4
Russell,0018 AUSTIN SUMBRY PARK,Governor,,REP,"""Alabama"" Will Santivasci",2
Russell,0018 AUSTIN SUMBRY PARK,Governor,,REP,Ken McFeeters,2
Russell,0018 AUSTIN SUMBRY PARK,Governor,,REP,Thomas Tuberville,19
Russell,0018 AUSTIN SUMBRY PARK,Lieutenant Governor,,REP,Pat Bishop,2
Russell,0018 AUSTIN SUMBRY PARK,Lieutenant Governor,,REP,George Childress,1
Russell,0018 AUSTIN SUMBRY PARK,Lieutenant Governor,,REP,Rick Pate,4
Russell,0018 AUSTIN SUMBRY PARK,Lieutenant Governor,,REP,Stewart Hill Tankersley,0
Russell,0018 AUSTIN SUMBRY PARK,Lieutenant Governor,,REP,Nicole Jones Wadsworth,2
Russell,0018 AUSTIN SUMBRY PARK,Lieutenant Governor,,REP,John Wahl,13
Russell,0018 AUSTIN SUMBRY PARK,Lieutenant Governor,,REP,Wes Allen,0
Russell,0018 AUSTIN SUMBRY PARK,"Public Service Commission, Place No. 1",,REP,Jeremy H. Oden,3
Russell,0018 AUSTIN SUMBRY PARK,"Public Service Commission, Place No. 1",,REP,Matt Gentry,13
Russell,0018 AUSTIN SUMBRY PARK,"Public Service Commission, Place No. 2",,REP,Brent Woodall,2
Russell,0018 AUSTIN SUMBRY PARK,"Public Service Commission, Place No. 2",,REP,Chris Beeker,1
Russell,0018 AUSTIN SUMBRY PARK,"Public Service Commission, Place No. 2",,REP,Jim Zig Zeigler,8
Russell,0018 AUSTIN SUMBRY PARK,"Public Service Commission, Place No. 2",,REP,Priscilla Andrews,7
Russell,0018 AUSTIN SUMBRY PARK,Secretary of State,,REP,Caroleene Dobson,14
Russell,0018 AUSTIN SUMBRY PARK,Secretary of State,,REP,Glenda S. Jackson,3
Russell,0018 AUSTIN SUMBRY PARK,Secretary of State,,REP,Christopher Christian Horn,2
Russell,0018 AUSTIN SUMBRY PARK,State Auditor,,REP,Andrew Sorrell,9
Russell,0018 AUSTIN SUMBRY PARK,State Auditor,,REP,Derek Chen,8
Russell,0018 AUSTIN SUMBRY PARK,State Treasurer,,REP,Steve Lolley,6
Russell,0018 AUSTIN SUMBRY PARK,State Treasurer,,REP,Young Boozer,12
Russell,0018 AUSTIN SUMBRY PARK,U.S. Senate,,REP,Barry Moore,11
Russell,0018 AUSTIN SUMBRY PARK,U.S. Senate,,REP,Dale Shelton Deas Jr.,1
Russell,0018 AUSTIN SUMBRY PARK,U.S. Senate,,REP,Jared Hudson,5
Russell,0018 AUSTIN SUMBRY PARK,U.S. Senate,,REP,Morgan Murphy,0
Russell,0018 AUSTIN SUMBRY PARK,U.S. Senate,,REP,Rodney Walker,2
Russell,0018 AUSTIN SUMBRY PARK,U.S. Senate,,REP,Seth Burton,2
Russell,0018 AUSTIN SUMBRY PARK,U.S. Senate,,REP,Steve Marshall,1
Russell,0019 ABSENTEE,Proposed Statewide Amendment 1,,,No,10
Russell,0019 ABSENTEE,Proposed Statewide Amendment 1,,,Yes,80
Russell,0019 ABSENTEE,Proposed Statewide Amendment 2,,,No,32
Russell,0019 ABSENTEE,Proposed Statewide Amendment 2,,,Yes,55
Russell,0019 ABSENTEE,Governor,,DEM,"Chad ""Chig"" Martin",0
Russell,0019 ABSENTEE,Governor,,DEM,Doug Jones,41
Russell,0019 ABSENTEE,Governor,,DEM,Jamel J. Brown,4
Russell,0019 ABSENTEE,Governor,,DEM,"Nathan ""Nate"" Mathis",2
Russell,0019 ABSENTEE,Governor,,DEM,Will Boyd,2
Russell,0019 ABSENTEE,Governor,,DEM,Yolanda Rochelle Flowers,16
Russell,0019 ABSENTEE,Lieutenant Governor,,DEM,Darryl D. Perryman,38
Russell,0019 ABSENTEE,Lieutenant Governor,,DEM,Phillip Ensler,20
Russell,0019 ABSENTEE,"Public Service Commission, Place No. 1",,DEM,James O. Gordon,32
Russell,0019 ABSENTEE,"Public Service Commission, Place No. 1",,DEM,Jeff Ramsey,12
Russell,0019 ABSENTEE,"Public Service Commission, Place No. 1",,DEM,John Northrop,14
Russell,0019 ABSENTEE,State Democratic Executive Committee,,DEM,Ciara Thomas,16
Russell,0019 ABSENTEE,State Democratic Executive Committee,,DEM,Courtney Lane,8
Russell,0019 ABSENTEE,State Democratic Executive Committee,,DEM,Harriet M Tolbert,11
Russell,0019 ABSENTEE,State Democratic Executive Committee,,DEM,Jermaine Phillips,16
Russell,0019 ABSENTEE,State Democratic Executive Committee,,DEM,Patsy B Parker,19
Russell,0019 ABSENTEE,State Democratic Executive Committee,,DEM,Ralph McKinnon,3
Russell,0019 ABSENTEE,State House,84,DEM,Berry Forte,15
Russell,0019 ABSENTEE,State House,84,DEM,Brittani O'Hara-Grant,4
Russell,0019 ABSENTEE,U.S. Senate,,DEM,Dakarai Larriett,24
Russell,0019 ABSENTEE,U.S. Senate,,DEM,Everett Wess,10
Russell,0019 ABSENTEE,U.S. Senate,,DEM,Kyle Sweetser,8
Russell,0019 ABSENTEE,U.S. Senate,,DEM,Mark S. Wheeler II,15
Russell,0019 ABSENTEE,Attorney General,,REP,Jay Mitchell,8
Russell,0019 ABSENTEE,Attorney General,,REP,Katherine Robertson,13
Russell,0019 ABSENTEE,Attorney General,,REP,Pamela L. Casey,12
Russell,0019 ABSENTEE,Commissioner of Agriculture and Industries,,REP,Christina Woerner McInnis,14
Russell,0019 ABSENTEE,Commissioner of Agriculture and Industries,,REP,Cory Hill,13
Russell,0019 ABSENTEE,Commissioner of Agriculture and Industries,,REP,Jack Williams,5
Russell,0019 ABSENTEE,Governor,,REP,"""Alabama"" Will Santivasci",0
Russell,0019 ABSENTEE,Governor,,REP,Ken McFeeters,2
Russell,0019 ABSENTEE,Governor,,REP,Thomas Tuberville,31
Russell,0019 ABSENTEE,Lieutenant Governor,,REP,Pat Bishop,1
Russell,0019 ABSENTEE,Lieutenant Governor,,REP,George Childress,0
Russell,0019 ABSENTEE,Lieutenant Governor,,REP,Rick Pate,7
Russell,0019 ABSENTEE,Lieutenant Governor,,REP,Stewart Hill Tankersley,1
Russell,0019 ABSENTEE,Lieutenant Governor,,REP,Nicole Jones Wadsworth,1
Russell,0019 ABSENTEE,Lieutenant Governor,,REP,John Wahl,5
Russell,0019 ABSENTEE,Lieutenant Governor,,REP,Wes Allen,18
Russell,0019 ABSENTEE,"Public Service Commission, Place No. 1",,REP,Jeremy H. Oden,6
Russell,0019 ABSENTEE,"Public Service Commission, Place No. 1",,REP,Matt Gentry,23
Russell,0019 ABSENTEE,"Public Service Commission, Place No. 2",,REP,Brent Woodall,6
Russell,0019 ABSENTEE,"Public Service Commission, Place No. 2",,REP,Chris Beeker,8
Russell,0019 ABSENTEE,"Public Service Commission, Place No. 2",,REP,Jim Zig Zeigler,17
Russell,0019 ABSENTEE,"Public Service Commission, Place No. 2",,REP,Priscilla Andrews,1
Russell,0019 ABSENTEE,Secretary of State,,REP,Caroleene Dobson,27
Russell,0019 ABSENTEE,Secretary of State,,REP,Glenda S. Jackson,1
Russell,0019 ABSENTEE,Secretary of State,,REP,Christopher Christian Horn,4
Russell,0019 ABSENTEE,State Auditor,,REP,Andrew Sorrell,16
Russell,0019 ABSENTEE,State Auditor,,REP,Derek Chen,16
Russell,0019 ABSENTEE,State Senate,27,REP,Doug Cannon,2
Russell,0019 ABSENTEE,State Senate,27,REP,Jay Hovey,4
Russell,0019 ABSENTEE,State Treasurer,,REP,Steve Lolley,8
Russell,0019 ABSENTEE,State Treasurer,,REP,Young Boozer,24
Russell,0019 ABSENTEE,U.S. Senate,,REP,Barry Moore,14
Russell,0019 ABSENTEE,U.S. Senate,,REP,Dale Shelton Deas Jr.,1
Russell,0019 ABSENTEE,U.S. Senate,,REP,Jared Hudson,8
Russell,0019 ABSENTEE,U.S. Senate,,REP,Morgan Murphy,0
Russell,0019 ABSENTEE,U.S. Senate,,REP,Rodney Walker,0
Russell,0019 ABSENTEE,U.S. Senate,,REP,Seth Burton,3
Russell,0019 ABSENTEE,U.S. Senate,,REP,Steve Marshall,7
Russell,0020 PROVISIONAL,Proposed Statewide Amendment 1,,,No,0
Russell,0020 PROVISIONAL,Proposed Statewide Amendment 1,,,Yes,1
Russell,0020 PROVISIONAL,Proposed Statewide Amendment 2,,,No,0
Russell,0020 PROVISIONAL,Proposed Statewide Amendment 2,,,Yes,1
Russell,0020 PROVISIONAL,Governor,,DEM,"Chad ""Chig"" Martin",0
Russell,0020 PROVISIONAL,Governor,,DEM,Doug Jones,1
Russell,0020 PROVISIONAL,Governor,,DEM,Jamel J. Brown,0
Russell,0020 PROVISIONAL,Governor,,DEM,"Nathan ""Nate"" Mathis",0
Russell,0020 PROVISIONAL,Governor,,DEM,Will Boyd,0
Russell,0020 PROVISIONAL,Governor,,DEM,Yolanda Rochelle Flowers,0
Russell,0020 PROVISIONAL,Lieutenant Governor,,DEM,Darryl D. Perryman,1
Russell,0020 PROVISIONAL,Lieutenant Governor,,DEM,Phillip Ensler,0
Russell,0020 PROVISIONAL,"Public Service Commission, Place No. 1",,DEM,James O. Gordon,0
Russell,0020 PROVISIONAL,"Public Service Commission, Place No. 1",,DEM,Jeff Ramsey,1
Russell,0020 PROVISIONAL,"Public Service Commission, Place No. 1",,DEM,John Northrop,0
Russell,0020 PROVISIONAL,State Democratic Executive Committee,,DEM,Ciara Thomas,1
Russell,0020 PROVISIONAL,State Democratic Executive Committee,,DEM,Courtney Lane,0
Russell,0020 PROVISIONAL,State Democratic Executive Committee,,DEM,Harriet M Tolbert,0
Russell,0020 PROVISIONAL,State Democratic Executive Committee,,DEM,Jermaine Phillips,0
Russell,0020 PROVISIONAL,State Democratic Executive Committee,,DEM,Patsy B Parker,0
Russell,0020 PROVISIONAL,State Democratic Executive Committee,,DEM,Ralph McKinnon,0
Russell,0020 PROVISIONAL,State House,84,DEM,Berry Forte,0
Russell,0020 PROVISIONAL,State House,84,DEM,Brittani O'Hara-Grant,0
Russell,0020 PROVISIONAL,U.S. Senate,,DEM,Dakarai Larriett,0
Russell,0020 PROVISIONAL,U.S. Senate,,DEM,Everett Wess,0
Russell,0020 PROVISIONAL,U.S. Senate,,DEM,Kyle Sweetser,0
Russell,0020 PROVISIONAL,U.S. Senate,,DEM,Mark S. Wheeler II,1
Russell,0020 PROVISIONAL,Attorney General,,REP,Jay Mitchell,0
Russell,0020 PROVISIONAL,Attorney General,,REP,Katherine Robertson,0
Russell,0020 PROVISIONAL,Attorney General,,REP,Pamela L. Casey,0
Russell,0020 PROVISIONAL,Commissioner of Agriculture and Industries,,REP,Christina Woerner McInnis,0
Russell,0020 PROVISIONAL,Commissioner of Agriculture and Industries,,REP,Cory Hill,0
Russell,0020 PROVISIONAL,Commissioner of Agriculture and Industries,,REP,Jack Williams,0
Russell,0020 PROVISIONAL,Governor,,REP,"""Alabama"" Will Santivasci",0
Russell,0020 PROVISIONAL,Governor,,REP,Ken McFeeters,0
Russell,0020 PROVISIONAL,Governor,,REP,Thomas Tuberville,0
Russell,0020 PROVISIONAL,Lieutenant Governor,,REP,Pat Bishop,0
Russell,0020 PROVISIONAL,Lieutenant Governor,,REP,George Childress,0
Russell,0020 PROVISIONAL,Lieutenant Governor,,REP,Rick Pate,0
Russell,0020 PROVISIONAL,Lieutenant Governor,,REP,Stewart Hill Tankersley,0
Russell,0020 PROVISIONAL,Lieutenant Governor,,REP,Nicole Jones Wadsworth,0
Russell,0020 PROVISIONAL,Lieutenant Governor,,REP,John Wahl,0
Russell,0020 PROVISIONAL,Lieutenant Governor,,REP,Wes Allen,0
Russell,0020 PROVISIONAL,"Public Service Commission, Place No. 1",,REP,Jeremy H. Oden,0
Russell,0020 PROVISIONAL,"Public Service Commission, Place No. 1",,REP,Matt Gentry,0
Russell,0020 PROVISIONAL,"Public Service Commission, Place No. 2",,REP,Brent Woodall,0
Russell,0020 PROVISIONAL,"Public Service Commission, Place No. 2",,REP,Chris Beeker,0
Russell,0020 PROVISIONAL,"Public Service Commission, Place No. 2",,REP,Jim Zig Zeigler,0
Russell,0020 PROVISIONAL,"Public Service Commission, Place No. 2",,REP,Priscilla Andrews,0
Russell,0020 PROVISIONAL,Secretary of State,,REP,Caroleene Dobson,0
Russell,0020 PROVISIONAL,Secretary of State,,REP,Glenda S. Jackson,0
Russell,0020 PROVISIONAL,Secretary of State,,REP,Christopher Christian Horn,0
Russell,0020 PROVISIONAL,State Auditor,,REP,Andrew Sorrell,0
Russell,0020 PROVISIONAL,State Auditor,,REP,Derek Chen,0
Russell,0020 PROVISIONAL,State Senate,27,REP,Doug Cannon,0
Russell,0020 PROVISIONAL,State Senate,27,REP,Jay Hovey,0
Russell,0020 PROVISIONAL,State Treasurer,,REP,Steve Lolley,0
Russell,0020 PROVISIONAL,State Treasurer,,REP,Young Boozer,0
Russell,0020 PROVISIONAL,U.S. Senate,,REP,Barry Moore,0
Russell,0020 PROVISIONAL,U.S. Senate,,REP,Dale Shelton Deas Jr.,0
Russell,0020 PROVISIONAL,U.S. Senate,,REP,Jared Hudson,0
Russell,0020 PROVISIONAL,U.S. Senate,,REP,Morgan Murphy,0
Russell,0020 PROVISIONAL,U.S. Senate,,REP,Rodney Walker,0
Russell,0020 PROVISIONAL,U.S. Senate,,REP,Seth Burton,0
Russell,0020 PROVISIONAL,U.S. Senate,,REP,Steve Marshall,0
